yyyymm,FIN,FIN_long,FIN_short,PEAD,PEAD_long,PEAD_short
196807,4.8112179703,-0.694789228,-5.506007198,,,
196808,1.0599086168,3.3226130851,2.2627044682,,,
196809,-1.427865288,4.2814121896,5.7092774775,,,
196810,1.369915758,1.3047623225,-0.065153435,,,
196811,-0.609407829,7.2174193023,7.8268271311,,,
196812,-0.061546931,-0.842562248,-0.781015317,,,
196901,1.5005162952,-0.637020653,-2.137536949,,,
196902,3.6812425656,-5.530573519,-9.211816085,,,
196903,0.3526424305,2.1779999911,1.8253575607,,,
196904,0.751655595,0.873621156,0.121965561,,,
196905,0.4428226745,0.4106016089,-0.032221066,,,
196906,2.0354534888,-8.863459078,-10.89891257,,,
196907,2.4094914038,-7.369841036,-9.77933244,,,
196908,-1.513028735,5.6341842975,7.1472130328,,,
196909,2.315848087,-1.689600936,-4.005449023,,,
196910,0.1186924321,7.9013612538,7.7826688217,,,
196911,0.2993895697,-4.342757428,-4.642146998,,,
196912,2.8682946797,-2.385996973,-5.254291653,,,
197001,5.1402394361,-4.632063936,-9.772303372,,,
197002,-0.785627732,4.3691173115,5.1547450436,,,
197003,3.3983886442,-0.242458187,-3.640846831,,,
197004,5.9511133675,-10.55902937,-16.51014273,,,
197005,1.3009328272,-8.798675185,-10.09960801,,,
197006,4.543456623,-3.278714672,-7.822171295,,,
197007,-0.415484686,7.8723114821,8.2877961685,,,
197008,-1.930678837,4.7060679862,6.6367468228,,,
197009,-4.499735889,5.985954451,10.48569034,,,
197010,2.1279405927,-2.601893437,-4.72983403,,,
197011,1.2453309457,4.1533473144,2.9080163687,,,
197012,0.4940135951,7.3068119482,6.8127983531,,,
197101,-1.520102142,7.532780503,9.0528826454,,,
197102,0.6087990291,2.198722648,1.5899236189,,,
197103,-1.770002579,4.4273031557,6.1973057352,,,
197104,0.9058286888,4.1536361738,3.247807485,,,
197105,0.9049247059,-3.832525102,-4.737449808,,,
197106,0.2325157183,0.2150595643,-0.017456154,,,
197107,3.4638180799,-3.410289852,-6.874107932,,,
197108,-0.775572425,3.5154223953,4.2909948202,,,
197109,-1.071361017,-1.965093349,-0.893732332,,,
197110,1.8508692241,-3.758030857,-5.608900081,1.7125592052,-6.039661633,-7.752220838
197111,-0.215589429,-1.592341605,-1.376752176,2.240775313,-0.489506588,-2.730281901
197112,-5.870226948,7.9851330686,13.855360017,0.6185692333,11.586246438,10.967677205
197201,-2.604301931,5.0183595796,7.6226615104,2.1093155897,7.6831283485,5.5738127588
197202,-3.125135137,0.8072226142,3.9323577513,0.7653436607,4.2085141858,3.4431705251
197203,0.9829184176,-0.552092582,-1.535011,0.7936501576,0.0229450001,-0.770705158
197204,-0.670562349,0.1406048538,0.8111672025,1.6365738318,2.0530608017,0.4164869698
197205,-1.675434258,-1.344414853,0.3310194047,0.5600587044,0.1948422419,-0.365216462
197206,1.0222144522,-2.468645692,-3.490860145,0.8159499395,-3.232289955,-4.048239895
197207,2.1406457574,-2.663135579,-4.803781336,0.7130627914,-1.845001603,-2.558064394
197208,4.1590054078,5.5702320078,1.4112266,-0.809258925,2.6636117826,3.4728707075
197209,1.3765208234,-1.704866484,-3.081387307,-0.368172301,-2.773793546,-2.405621244
197210,3.0609524036,2.1825663119,-0.878386092,1.8204441425,0.6509619485,-1.169482194
197211,0.8058244763,6.6282250636,5.8224005873,1.7816531563,6.3922251466,4.6105719903
197212,0.0323781064,-0.912090437,-0.944468543,1.7552328918,0.6931138914,-1.062119
197301,7.7486262241,0.2688174762,-7.479808748,-3.496234094,-6.008672752,-2.512438658
197302,4.100890362,-5.042884106,-9.143774468,1.3746645921,-5.660918293,-7.035582885
197303,3.1176697816,1.0400766767,-2.077593105,0.6735078181,-1.909995869,-2.583503687
197304,10.041201035,-1.587224698,-11.62842573,1.6760985396,-6.549125661,-8.2252242
197305,1.5052310316,-6.158686639,-7.663917671,-0.101879685,-6.4434148,-6.341535115
197306,4.8103425471,0.3663602361,-4.443982311,2.6433681402,-2.249446006,-4.892814146
197307,-11.07670892,3.9425036601,15.01921258,-1.910252382,11.869276402,13.779528784
197308,2.6357837963,-2.242230395,-4.878014191,3.0259336828,-2.124171465,-5.150105148
197309,-3.728627739,6.9393169962,10.667944735,1.2020974875,8.9282716158,7.7261741283
197310,4.4158078125,0.8898599533,-3.525947859,2.5042902899,0.026411847,-2.477878443
197311,8.5562685077,-11.33497967,-19.89124818,4.570758519,-15.01436268,-19.5851212
197312,6.9113167096,5.054794087,-1.856522623,5.1852735529,0.7987252584,-4.386548295
197401,-2.815269182,4.6196388659,7.4349080479,-0.67017418,6.4527875097,7.12296169
197402,1.8851311463,1.2732861862,-0.61184496,-1.303538022,-0.376043432,0.9274945899
197403,1.3917036175,-0.926390131,-2.318093748,0.5660383305,-0.718762098,-1.284800428
197404,2.7734009726,-3.43129605,-6.204697022,1.9167438054,-4.899325327,-6.816069132
197405,2.1161826595,-5.331443538,-7.447626198,-0.619766771,-6.122221074,-5.502454304
197406,3.2227140677,-0.043944961,-3.266659028,0.7488751766,-1.885573362,-2.634448538
197407,7.0676078144,-1.369831643,-8.437439457,1.3290449424,-5.311935059,-6.640980001
197408,2.9886721602,-5.574491819,-8.563163979,2.8903854957,-7.11471693,-10.00510243
197409,6.8465575202,-6.287184475,-13.133742,2.5152330494,-9.4130308,-11.92826385
197410,-8.262536748,8.7422874109,17.004824159,3.8364779331,15.540744441,11.704266507
197411,1.1060974147,-2.956302165,-4.06239958,2.4904035111,-3.591204574,-6.081608085
197412,2.7550485339,-3.167829997,-5.922878531,1.7975344297,-4.591702773,-6.389237203
197501,-0.068218472,20.040355614,20.108574086,-5.662117486,20.147493867,25.809611353
197502,-1.923883845,2.6803976138,4.604281459,0.8230582121,7.3691039731,6.546045761
197503,-1.988094598,5.6441739934,7.6322685911,0.8658766789,7.1364676046,6.2705909257
197504,-2.661433351,2.3250989835,4.9865323344,2.2492292139,5.1076073577,2.8583781438
197505,-3.082024082,4.6092410641,7.6912651463,-0.424966072,7.1816974224,7.6066634944
197506,-1.32392748,5.8646543943,7.1885818743,-0.496129404,6.7755666736,7.271696078
197507,1.8022018509,-2.737334905,-4.539536756,-0.202950749,-5.353338164,-5.150387415
197508,4.289163893,-1.260891072,-5.550054965,0.1711779513,-3.713390891,-3.884568842
197509,1.2321332889,-2.038578098,-3.270711387,2.5781079767,-3.038098887,-5.616206863
197510,0.0982486516,3.2243201739,3.1260715223,2.5475433553,6.0361851459,3.4886417906
197511,2.6746823025,4.098493663,1.4238113606,3.0772060368,4.2310124981,1.1538064613
197512,0.3650741991,-0.205011828,-0.570086027,-0.464800456,-1.109222841,-0.644422384
197601,4.3288613251,19.712802719,15.383941394,0.819967762,18.564922496,17.744954734
197602,2.2771278219,5.4144701393,3.1373423174,0.6626974673,5.2799791576,4.6172816903
197603,-0.647103136,1.3545434887,2.0016466248,-0.451639386,1.8855528399,2.3371922258
197604,2.2374996087,0.4624738769,-1.775025732,0.8879844953,-0.994667818,-1.882652313
197605,-0.7340437,-1.453007692,-0.718963992,0.9568586223,-0.644288617,-1.601147239
197606,-0.137664254,3.9183471737,4.0560114279,0.2934266338,4.3110401793,4.0176135455
197607,1.6070585998,0.8643031272,-0.742755473,1.9902004575,0.255785227,-1.73441523
197608,0.6219017634,-1.083983678,-1.705885441,0.0831362511,-2.552839807,-2.635976058
197609,-1.03221835,2.6891952129,3.7214135624,0.7132897706,2.3143987882,1.6011090177
197610,-0.127177204,-2.49153143,-2.364354227,0.5643588296,-2.057743657,-2.622102486
197611,0.129944666,3.5416833998,3.4117387338,2.0670618036,3.793399856,1.7263380525
197612,1.9017394213,9.0968043071,7.1950648858,-0.253595063,7.185509192,7.4391042548
197701,2.0136925011,1.9831758404,-0.030516661,0.833945382,-0.983868539,-1.817813921
197702,0.6472225906,-1.757234549,-2.404457139,-0.376136645,-1.816118291,-1.439981647
197703,-0.684475686,0.2601136009,0.9445892869,1.03712901,0.0587095031,-0.978419507
197704,2.5698024774,3.3812489791,0.8114465017,1.4937524202,1.9053302988,0.4115778786
197705,1.3910052627,0.4595712864,-0.931433976,2.6127380229,0.0193624962,-2.593375527
197706,-3.499272769,3.8780873545,7.3773601239,0.2779935078,6.1073175265,5.8293240186
197707,-1.768869769,-2.466693452,-0.697823683,-0.779832594,-1.856229513,-1.076396919
197708,-0.258651951,-1.401250752,-1.142598801,1.953165994,-0.414776142,-2.367942136
197709,-0.9445039,0.3895748828,1.3340787825,1.1279932899,0.4913012141,-0.636692076
197710,1.6641619491,-2.281354202,-3.945516152,-0.814831191,-3.621258336,-2.806427144
197711,1.2185464274,7.2630492945,6.0445028671,3.4819799046,8.7074793133,5.2254994086
197712,0.3218160337,1.4601700146,1.1383539809,1.3428723577,1.5469815301,0.2041091724
197801,2.176167385,-2.885873845,-5.06204123,0.4504493766,-4.276870008,-4.727319385
197802,1.1504519407,1.7598620076,0.6094100669,-0.918516791,0.1593891251,1.0779059158
197803,1.249935339,5.5354704904,4.2855351514,1.3461576635,5.9920496219,4.6458919584
197804,1.5808245785,8.7284146292,7.1475900506,0.7112926929,9.9363278018,9.2250351089
197805,2.2068817209,7.1467596656,4.9398779447,0.8423012672,5.19673683,4.3544355628
197806,-0.465564871,-0.368589895,0.0969749755,1.4441624607,0.2274917631,-1.216670698
197807,1.1220175864,7.0315028249,5.9094852384,3.263654805,8.5415273011,5.2778724961
197808,5.1005719568,11.597898074,6.4973261175,0.5108875223,7.2520221508,6.7411346285
197809,-0.642512107,-2.454701532,-1.812189425,-2.015536605,-2.256745136,-0.241208531
197810,0.900063095,-17.39842155,-18.29848464,-0.718371594,-18.39043938,-17.67206779
197811,-1.231521447,4.7576597871,5.9891812336,-2.098030146,5.9638482627,8.061878409
197812,0.4599105887,1.4297096663,0.9697990776,0.7872293939,1.9338693174,1.1466399235
197901,2.5313994929,9.1873349472,6.6559354543,-1.752409487,6.5293409533,8.2817504408
197902,0.1050480628,-2.959764965,-3.064813028,1.1796798969,-2.47709577,-3.656775667
197903,1.8322106203,10.220627904,8.3884172837,1.0589596812,9.5556606498,8.4967009685
197904,1.037067598,2.2589932069,1.2219256089,-0.14025784,1.6339206827,1.7741785227
197905,-0.855914649,-1.980998191,-1.125083542,-0.840642691,-2.465161364,-1.624518673
197906,-2.17269191,4.2586669499,6.4313588601,1.8088734126,5.9371919408,4.1283185282
197907,2.7336686328,4.6960202625,1.9623516298,0.0256284045,2.4937136978,2.4680852933
197908,1.1441252257,7.9477173079,6.8035920821,0.485745683,8.3321944453,7.8464487623
197909,-1.361040874,-0.794403141,0.5666377331,0.5654981882,0.625460928,0.0599627398
197910,-1.142843268,-9.924561314,-8.781718046,-0.420319422,-9.005912193,-8.585592771
197911,-2.42275908,7.1811815331,9.6039406133,1.4862800804,9.0839726495,7.597692569
197912,1.083909351,4.7353327213,3.6514233703,0.9246831608,5.2647284017,4.3400452409
198001,1.0352038832,7.4125996639,6.3773957807,1.5034351641,9.0829771485,7.5795419844
198002,0.7791301446,-0.912154286,-1.691284431,5.5226792725,2.7130515619,-2.809627711
198003,0.1169896908,-14.90684923,-15.02383893,-2.916388758,-16.32389895,-13.40751019
198004,-3.782243202,4.4201635009,8.2024067031,0.978016033,5.6303380834,4.6523220505
198005,3.5647765566,9.882783291,6.3180067344,0.5370917544,6.8702874099,6.3331956555
198006,0.5459320711,4.3091329916,3.7632009204,0.3737356745,4.0683367342,3.6946010596
198007,-0.319674053,10.652793158,10.972467211,-0.977619504,9.3095872877,10.287206792
198008,0.6926407736,4.913904402,4.2212636284,1.1704077408,5.2483490993,4.0779413585
198009,-0.797270591,4.2307694796,5.0280400706,0.560228334,4.4365950813,3.8763667473
198010,-2.636582722,0.756995222,3.3935779441,2.0168184015,3.5090173101,1.4921989086
198011,-5.535160109,7.6004934887,13.135653597,-2.789597842,7.799300331,10.588898173
198012,1.8145616937,-3.091418607,-4.9059803,0.4534650686,-4.14284396,-4.596309028
198101,4.189353025,-1.806339643,-5.995692668,3.6132485421,-0.447943157,-4.061191699
198102,3.429807117,3.314594015,-0.115213102,2.0031994861,2.4317342437,0.4285347576
198103,3.0925525613,10.615951826,7.5233992647,0.9828090943,7.2466069429,6.2637978485
198104,2.6617767091,2.0437659835,-0.618010726,1.5821171533,0.8843430708,-0.697774082
198105,0.5600489279,3.9643712688,3.4043223409,1.3134085729,2.5640641055,1.2506555326
198106,3.8534484206,-1.324255523,-5.177703944,0.0813676648,-1.894635296,-1.976002961
198107,-0.638758053,0.0075610558,0.6463191088,0.12210476,-0.358669882,-0.480774642
198108,3.951273907,-4.428761997,-8.380035904,0.0005734371,-7.14431928,-7.144892717
198109,4.0925146057,-5.885350167,-9.977864773,0.6371135795,-8.166829873,-8.803943453
198110,-4.562766697,4.9309843419,9.4937510387,3.2643709975,9.5689397598,6.3045687622
198111,3.2794984856,5.7864382078,2.5069397222,-0.987301558,3.014842337,4.0021438947
198112,1.4353645942,-2.611283229,-4.046647824,-0.413107946,-2.143705857,-1.730597911
198201,3.6592167523,-1.008866421,-4.668083173,-0.906487547,-2.776643627,-1.87015608
198202,4.2471094504,-3.048722266,-7.295831716,2.0886398206,-4.234893791,-6.323533612
198203,4.0315747759,0.4736103993,-3.557964377,-0.394881942,-1.315282839,-0.920400897
198204,-2.224596171,4.0211795967,6.2457757681,1.6553061233,6.4709202477,4.8156141243
198205,1.9408803026,-1.972450889,-3.913331192,0.4578511049,-3.57297586,-4.030826965
198206,4.1105364084,-0.535295481,-4.645831889,2.7751368783,-1.893337411,-4.66847429
198207,1.1346884903,-2.769928586,-3.904617077,2.9809215974,-1.248872832,-4.229794429
198208,-4.07944083,7.7121425533,11.791583383,-0.985401569,10.721112072,11.706513641
198209,4.1747232668,4.3175501188,0.142826852,1.8838781985,2.911058213,1.0271800145
198210,-6.35640755,7.9240773856,14.280484936,-0.05540375,13.330771065,13.386174815
198211,-3.00080229,5.4798217713,8.480624061,5.3211311498,9.7653392269,4.4442080771
198212,2.5095996557,1.1955102448,-1.314089411,-2.994315322,-0.314495989,2.6798193323
198301,-5.788174941,3.6576389852,9.445813926,1.4314008567,7.0671633851,5.6357625284
198302,3.4777982371,5.404571191,1.926772954,1.5771417079,4.5137187649,2.936577057
198303,4.1197653903,5.2795626232,1.1597972329,0.5986734342,4.803633819,4.2049603849
198304,2.3376224572,7.8327753909,5.4951529337,0.8812155967,7.4368750708,6.5556594741
198305,-3.175177295,3.05539239,6.2305696855,-0.562646116,3.840578464,4.40322458
198306,0.6643118811,3.9865663619,3.3222544808,1.7510177689,6.3057001912,4.5546824224
198307,3.5357949635,-2.282572177,-5.81836714,1.4892772861,-3.086617648,-4.575894934
198308,3.5700801885,-0.603837135,-4.173917323,-1.292093921,-2.100442119,-0.808348198
198309,1.9977740156,2.6339058817,0.6361318661,2.2836374945,2.8327960361,0.5491585416
198310,4.0971993763,-2.74354603,-6.840745406,1.8140596854,-4.897109668,-6.711169353
198311,-0.97961248,2.5505161387,3.5301286187,-0.10237961,4.8544940312,4.9568736409
198312,4.256251357,0.6433744174,-3.61287694,-0.049899431,-1.852534739,-1.802635307
198401,7.629705019,2.7716467305,-4.858058289,-1.560176604,-2.834623603,-1.274446999
198402,6.9978086849,0.3987855029,-6.599023182,3.1144290399,-3.407155583,-6.521584623
198403,2.6446113902,2.0572030027,-0.587408388,-1.390295871,-0.151935458,1.238360413
198404,3.440927802,1.6020906249,-1.838837177,1.4431380775,0.9088423348,-0.534295743
198405,0.9654014323,-5.042794593,-6.008196025,-0.635019407,-5.615077564,-4.980058157
198406,-0.551802163,2.3881559168,2.9399580796,0.0375213552,3.6509069245,3.6133855694
198407,1.6447830708,-3.867994539,-5.51277761,0.1878185749,-4.253904634,-4.441723209
198408,-3.756171909,9.4991993802,13.255371289,-2.780307497,11.210670438,13.990977934
198409,6.6533180436,3.105142816,-3.548175228,0.6999280182,-0.937261301,-1.63718932
198410,0.4145196988,-1.491420745,-1.905940443,0.6205626736,-1.05590771,-1.676470384
198411,4.3233174823,-0.244096754,-4.567414237,1.530288917,-1.52587161,-3.056160527
198412,-0.854831153,1.5370022133,2.3918333667,0.4638762415,2.468378063,2.0045018215
198501,-6.172177145,7.5303934857,13.702570631,-1.402280532,10.749966244,12.152246776
198502,1.5563182164,2.4818591839,0.9255409675,0.3449923717,2.2755299611,1.9305375894
198503,5.83433106,3.0943018629,-2.740029197,-0.294958043,-1.818856931,-1.523898888
198504,4.118560407,1.3632063732,-2.755354034,0.7936241328,-1.362258174,-2.155882307
198505,0.7648888603,5.6230910614,4.8582022011,0.257573885,4.8018422555,4.5442683705
198506,0.8910616392,1.9347134055,1.0436517663,1.3251783723,1.9253712241,0.6001928517
198507,-0.613120129,0.6147066587,1.2278267881,-0.352088611,1.395071349,1.7471599597
198508,2.5784182228,1.2428485113,-1.335569712,0.2053843212,-0.667641096,-0.873025417
198509,5.8102307727,-1.76331355,-7.573544322,1.4611605796,-4.604103058,-6.065263638
198510,1.9808493026,5.0130308266,3.032181524,0.5495679223,4.6461991103,4.096631188
198511,-1.095126267,5.092573229,6.1876994958,-1.435459134,6.582882319,8.0183414529
198512,-0.714597525,2.8740697725,3.588667298,0.5064810674,4.0019176074,3.49543654
198601,-3.296633673,-0.988038908,2.3085947651,1.6097971101,1.7433506593,0.1335535492
198602,0.1782380762,6.526455552,6.3482174758,2.2396052437,7.8766207222,5.6370154785
198603,0.8312589021,4.5552762216,3.7240173194,0.2334845166,4.7833588121,4.5498742955
198604,1.3284548503,0.3789724896,-0.949482361,0.8705129294,2.0918014764,1.221288547
198605,2.5981626904,6.1055007257,3.5073380353,0.9593909816,4.8512869608,3.8918959792
198606,2.7942245543,1.2617635899,-1.532460964,2.7087023945,1.6098984858,-1.098803909
198607,2.5770395949,-5.662037077,-8.239076672,0.7794682017,-8.528817368,-9.30828557
198608,1.779840861,6.3984066287,4.6185657677,-0.066407754,5.2348418806,5.3012496345
198609,1.7367793774,-4.924261513,-6.66104089,-1.537599417,-7.605956635,-6.068357218
198610,-0.959159856,4.3752703123,5.3344301681,4.6424373317,7.0766058541,2.4341685223
198611,2.9993049964,2.3374100345,-0.661894962,0.7956378701,1.4571930362,0.6615551661
198612,1.7602556355,-2.287163703,-4.047419338,0.9070528711,-2.581787758,-3.488840629
198701,0.054834583,12.534254284,12.479419701,4.1615962889,16.236994651,12.075398362
198702,-2.630164013,3.7610287821,6.3911927954,-0.094102711,7.0717053826,7.1658080933
198703,4.981872182,5.3435822621,0.3617100801,-1.037698585,2.7394759006,3.7771744857
198704,1.4000071325,-1.936887467,-3.336894599,1.4053495557,-0.68661673,-2.091966286
198705,-0.252173956,1.1578302291,1.4100041847,0.3413049539,0.9066060403,0.5653010863
198706,3.1099538811,4.9082362135,1.7982823324,-0.789908339,2.3882556798,3.1781640192
198707,1.7843414028,5.8718982326,4.0875568298,-0.226871496,4.0398194959,4.266690992
198708,-2.231225741,1.121532309,3.3527580497,-0.404849194,2.6286888838,3.0335380779
198709,0.1750841049,-0.573515189,-0.748599293,2.4971275563,-0.532359153,-3.029486709
198710,4.8771673921,-24.40613795,-29.28330535,-0.612476368,-28.80979947,-28.1973231
198711,2.2823360462,-5.678916946,-7.961252992,-1.11630392,-7.02469963,-5.90839571
198712,-2.619525547,6.4874203606,9.1069459072,-1.802825823,7.9903685723,9.7931943953
198801,3.8205551477,6.6594413848,2.8388862372,3.2605779276,5.5472154327,2.2866375051
198802,0.97434433,6.8733916192,5.8990472892,-0.869099133,7.4755163135,8.3446154465
198803,3.0369041421,2.9357935034,-0.101110639,3.09479049,2.7117603818,-0.383030108
198804,1.3253574724,2.6782156914,1.3528582191,0.7098666488,1.860605497,1.1507388482
198805,1.4845111488,0.3854528508,-1.099058298,0.2496249277,-1.413902046,-1.663526974
198806,-3.196159165,3.1406837266,6.3368428919,0.3967358849,7.214268594,6.8175327091
198807,2.2364168884,-0.08311291,-2.319529799,0.9783272757,-0.918405434,-1.89673271
198808,2.6548672941,-1.913481627,-4.568348921,2.0354159658,-2.519774345,-4.555190311
198809,1.6748616873,3.1487047164,1.4738430291,-0.075473569,3.4397309306,3.5152044999
198810,4.7826538067,2.9841159516,-1.798537855,0.9923108332,0.7799409689,-0.212369864
198811,2.6365651746,-1.33360327,-3.970168445,1.0221590191,-1.973476836,-2.995635855
198812,-0.989051465,2.9654275965,3.9544790616,-1.260796271,3.3448628864,4.6056591572
198901,-2.072212213,4.9013122553,6.973524468,0.2300984969,6.1876033517,5.9575048549
198902,0.0557303155,-0.665813484,-0.721543799,-0.224394944,-0.487299968,-0.262905024
198903,0.1361233816,2.291844313,2.1557209314,1.4691963531,2.6519413086,1.1827449555
198904,0.0555084433,4.495057155,4.4395487117,1.446904464,5.9902719969,4.543367533
198905,-0.435663154,3.6875367346,4.1231998887,1.9602129088,5.7165755863,3.7563626775
198906,4.498229075,1.4834994223,-3.014729653,-0.797500255,-2.362414659,-1.564914404
198907,2.2201103553,7.1247944276,4.9046840723,3.3863577339,7.9971935243,4.6108357904
198908,1.4103432195,3.2799480877,1.8696048682,0.234368659,2.0971518449,1.8627831859
198909,1.1975544365,0.9947962373,-0.202758199,0.0079564693,0.3394011517,0.3314446824
198910,1.9767122847,-2.741312027,-4.718024312,0.0471876387,-4.267940136,-4.315127774
198911,1.4578312735,1.8686718429,0.4108405694,0.7166539612,1.5005063997,0.7838524385
198912,0.5668192532,2.1008358975,1.5340166443,1.3505043491,2.1842071181,0.8337027691
199001,0.2222167676,-8.269220003,-8.49143677,0.1428797433,-7.777309169,-7.920188912
199002,-1.755933344,1.7870398364,3.5429731802,1.4833494441,3.450512246,1.9671628018
199003,0.0146371402,3.1898104563,3.175173316,0.9376641341,4.2098735694,3.2722094352
199004,-0.84907912,-3.628645392,-2.779566272,0.9751441029,-2.869998006,-3.845142108
199005,-3.107247759,7.0901378032,10.197385563,1.7948112069,10.77016686,8.9753556534
199006,-0.828850325,-0.653229622,0.175620703,1.2958413268,0.3172395174,-0.978601809
199007,4.2396369184,0.2451957604,-3.994441158,1.1200566247,-3.673663458,-4.793720083
199008,3.3721800626,-8.742832529,-12.11501259,2.3304109492,-11.14449936,-13.47491031
199009,4.1440695373,-6.090557932,-10.23462747,4.1309249128,-5.589734215,-9.720659128
199010,2.2676133536,-1.457032267,-3.724645621,2.6020080736,-1.976145032,-4.578153106
199011,-2.927526094,4.8974284748,7.8249545686,1.0959033747,8.9423795005,7.8464761259
199012,1.7907984975,5.2067218375,3.41592334,-0.562367587,3.6826991138,4.2450667009
199101,-6.218148442,3.3735409581,9.5916894002,5.262574474,12.688718065,7.4261435907
199102,-2.785783848,7.2505494962,10.036333344,-1.244028519,9.1715518883,10.415580407
199103,-0.831874818,4.1237631924,4.9556380107,2.648343289,6.3076601476,3.6593168586
199104,1.2118934521,0.0487800505,-1.163113402,0.7667334713,-0.089191875,-0.855925346
199105,-0.879182036,3.9446702578,4.8238522941,1.0562714911,4.9674008317,3.9111293406
199106,3.9381537441,-3.093744102,-7.031897846,0.1957721643,-5.458167542,-5.653939706
199107,-2.855350893,3.3232953132,6.1786462063,1.0667151237,4.7906800331,3.7239649094
199108,-2.815297552,1.9577748128,4.7730723647,1.0028872671,3.1456809892,2.1427937222
199109,0.3402226527,-0.32409245,-0.664315102,0.1668322443,-0.365193092,-0.532025336
199110,-2.196547339,1.6243756824,3.8209230209,1.3949659693,2.4301996682,1.035233699
199111,1.0825637645,-3.743472869,-4.826036633,2.3018218133,-3.400410951,-5.702232764
199112,-4.086360082,6.4732480798,10.559608162,2.7337609078,12.626753805,9.8929928972
199201,-3.69358688,3.1627334082,6.8563202877,-2.044436495,4.354489354,6.398925849
199202,0.8254225574,1.4621156306,0.6366930733,2.0272922409,3.2180484647,1.1907562238
199203,6.1808108255,-1.653240959,-7.834051784,0.5083794297,-3.102099381,-3.610478811
199204,8.2057008651,2.9384501788,-5.267250686,-0.297596328,-2.323737936,-2.026141607
199205,-0.397192598,0.5907922716,0.9879848695,1.4500741219,0.6903981071,-0.759676015
199206,4.7364292003,-2.081773293,-6.818202493,1.0199474053,-4.331051147,-5.350998553
199207,1.0202892655,5.0239210947,4.0036318292,0.7256259584,4.123901336,3.3982753776
199208,3.0775234225,-0.771557625,-3.849081048,2.2126049567,-2.752806919,-4.965411876
199209,0.4991122628,2.210211414,1.7110991512,2.5373350932,2.7293212123,0.1919861191
199210,-2.498921328,0.8714215588,3.370342887,2.456113191,4.4489299074,1.9928167164
199211,-3.472238089,4.7972168178,8.2694549072,1.2670358066,8.162060203,6.8950243964
199212,1.9635718802,4.256112559,2.2925406788,1.796435211,2.7449220977,0.9484868867
199301,1.1627431077,2.1148202204,0.9520771127,0.1493900079,2.2279667382,2.0785767304
199302,9.5514359674,2.6547657089,-6.896670259,0.6993380785,-2.489278567,-3.188616646
199303,0.0811317236,2.4273079518,2.3461762282,2.4441158068,3.3082807905,0.8641649837
199304,2.6082991902,-0.83236079,-3.44065998,-0.099363314,-2.888389863,-2.789026549
199305,-6.426837302,1.3727701322,7.7996074338,0.737150229,6.1766954555,5.4395452265
199306,-0.398946209,1.1386351489,1.5375813574,-0.240886574,-0.209701748,0.0311848261
199307,2.453323958,0.2421304125,-2.211193546,0.0598773962,-0.567759842,-0.627637238
199308,0.5968962523,4.6176796261,4.0207833738,0.5963451144,4.7154511249,4.1191060106
199309,-1.302729541,1.2672719018,2.5700014431,2.5825419015,2.6823841454,0.0998422439
199310,-0.95462516,1.7816973708,2.7363225308,-0.511416393,3.3794999809,3.8909163742
199311,0.5978116752,-2.132912212,-2.730723887,2.2053041183,-0.466958085,-2.672262203
199312,0.343935175,2.8714898025,2.5275546275,0.0480190002,2.5944291245,2.5464101242
199401,0.1271321345,3.4693562474,3.3422241129,1.2267309702,4.6552979302,3.42856696
199402,-0.071113346,-0.731383134,-0.660269788,0.4887454401,-0.581788645,-1.070534085
199403,2.6992777228,-3.725713082,-6.424990805,-0.863774164,-6.159626712,-5.295852549
199404,0.311047444,0.4345363578,0.1234889138,0.3228517352,-0.920188343,-1.243040078
199405,-2.417312403,-2.746351323,-0.329038919,1.0028306868,-0.389125269,-1.391955956
199406,2.6111190753,-2.871711707,-5.482830782,1.6769579692,-3.219536703,-4.896494672
199407,0.8180412433,3.3094973335,2.4914560901,1.0591267206,3.2541190519,2.1949923313
199408,0.0834894626,6.6561057051,6.5726162425,-2.500733157,5.4201574694,7.9208906263
199409,0.2565010877,-0.162155929,-0.418657016,0.8833191809,-0.276085252,-1.159404432
199410,0.5960769404,1.0751934025,0.4791164621,1.2365952299,2.5728935767,1.3362983468
199411,1.8484036973,-1.958496958,-3.806900655,0.3032835681,-3.613528579,-3.916812147
199412,1.9970400738,1.3378687245,-0.659171349,1.0651143237,1.4909404094,0.4258260857
199501,1.8703006652,1.5597417506,-0.310558915,-0.662543144,0.2492936828,0.9118368264
199502,-1.086686213,2.8991923342,3.9858785468,-0.368334735,3.8861628276,4.2544975627
199503,0.1742282764,2.6256694931,2.4514412166,-0.723201292,2.7641110774,3.4873123695
199504,0.9084582781,2.0617934597,1.1533351816,0.9509303452,3.2235669212,2.272636576
199505,2.7170215071,4.3394258682,1.6224043611,0.6877565494,2.8047460532,2.1169895037
199506,-3.127566802,3.4524512839,6.5800180855,0.4101209778,5.9745960145,5.5644750367
199507,-4.923404093,2.384456718,7.3078608108,1.7356371557,6.7009206085,4.9652834528
199508,-0.484062975,1.7361669869,2.2202299621,1.5476611139,1.6055874444,0.0579263305
199509,0.5325271046,3.984431928,3.4519048233,3.0403821054,3.3547068842,0.3143247788
199510,4.3158633956,-1.020799441,-5.336662837,1.6344439612,-2.647251138,-4.281695099
199511,0.873691359,3.6835917647,2.8099004057,-0.923524522,2.8818774879,3.8054020102
199512,3.7556573397,3.4982241969,-0.257433143,0.1748958852,0.5903230048,0.4154271196
199601,-0.44752515,0.7193370174,1.1668621678,-0.602260859,0.9976129022,1.599873761
199602,-0.045869267,3.0535209914,3.0993902581,-0.232575444,3.9524382283,4.1850136721
199603,1.1235513379,1.9395045366,0.8159531987,0.0784224876,1.4444181384,1.3659956507
199604,-4.92303846,2.1222460879,7.0452845474,1.1500450849,8.403325515,7.2532804301
199605,0.8043881844,4.8078850499,4.0034968654,0.7036266793,4.5070880854,3.803461406
199606,4.2491726123,-0.788162614,-5.037335226,-0.357125221,-4.323668533,-3.966543312
199607,8.2184711717,-3.624476182,-11.84294735,0.8140542857,-9.025177823,-9.839232109
199608,-4.462972231,1.4741603744,5.9371326056,0.0508421648,4.9320561745,4.8812140096
199609,-1.557146561,3.7768834132,5.3340299746,1.5539049798,6.6489917647,5.0950867848
199610,5.2786104202,1.6386265075,-3.639983913,1.7786435583,-1.250605183,-3.029248741
199611,1.3721222423,5.8532979077,4.4811756654,-0.907132914,4.676884041,5.5840169553
199612,1.1851341506,0.4533045641,-0.731829587,1.5261397811,0.0111087969,-1.515030984
199701,-1.386123128,3.7418225498,5.1279456782,1.2245886188,6.2315216266,5.0069330078
199702,6.2107473226,0.491238883,-5.71950844,-0.790179821,-3.953214915,-3.163035094
199703,5.4785767285,-2.699551909,-8.178128637,0.4608284188,-5.033662641,-5.494491059
199704,4.4964871803,2.6204437384,-1.876043442,2.3484320967,2.8378825067,0.48945041
199705,-6.193610341,7.3294719254,13.523082267,-0.923474664,11.641001332,12.564475996
199706,1.3124841747,4.3467796406,3.034295466,3.0065070042,5.1323340873,2.1258270831
199707,-1.858749594,5.3259581778,7.1847077713,-1.327664844,7.2483193369,8.5759841808
199708,-2.128205962,-0.52812403,1.6000819318,0.2675186106,0.5419916097,0.2744729992
199709,-3.499491758,4.7685377032,8.2680294609,-0.24373591,6.0584460061,6.3021819157
199710,1.4195247743,-3.251226458,-4.670751233,-3.453768145,-7.585617994,-4.131849849
199711,5.5552364425,2.6609119256,-2.894324517,0.490299658,-0.294250087,-0.784549745
199712,2.2916130445,1.7177072176,-0.573905827,2.3192130975,-0.332611542,-2.65182464
199801,-1.179465918,-1.395122573,-0.215656656,0.0801029643,1.7171241104,1.6370211461
199802,-2.724641524,5.4752832074,8.1999247309,1.9017330127,8.7218992187,6.820166206
199803,-1.195193242,3.6700939664,4.8652872085,0.9544424849,5.2154171575,4.2609746726
199804,0.7855300643,1.3329779729,0.5474479086,1.8860956694,2.5541616224,0.6680659531
199805,4.7037298661,-1.721226127,-6.424955993,-0.407103224,-5.280526084,-4.87342286
199806,-1.240168459,0.9361813698,2.1763498286,1.1667543703,2.4140961965,1.2473418262
199807,6.0893283397,-1.186000436,-7.275328776,3.1636805513,-3.511370062,-6.675050613
199808,10.250386329,-13.078995,-23.32938133,1.7271525613,-18.48315837,-20.21031093
199809,-5.535778315,4.346833889,9.8826122043,4.6223396498,10.437052991,5.814713341
199810,0.7858916072,6.736200178,5.9503085708,-4.220567909,4.8660314722,9.0865993815
199811,-1.464969422,5.9129512025,7.3779206242,3.2474709688,8.3527429354,5.1052719666
199812,-4.563834391,5.205544219,9.7693786097,6.6559593534,10.582741871,3.9267825181
199901,-3.884286926,0.8343544993,4.7186414252,3.0332799742,5.7757153206,2.7424353463
199902,4.2372602623,-5.055496879,-9.292757141,-2.049094793,-9.169777982,-7.120683189
199903,-2.956318376,-0.135563068,2.820755308,2.5928615743,4.7391542425,2.1462926682
199904,7.7310771557,12.229331874,4.4982547183,-3.304025149,5.2760003477,8.5800254962
199905,1.702550095,2.1738299754,0.4712798804,2.0729925798,1.6946055873,-0.378386992
199906,-1.94935707,4.2656342011,6.2149912716,1.3030598179,7.847386196,6.5443263781
199907,4.012071393,-0.951166205,-4.963237598,1.1010394516,-1.034035228,-2.135074679
199908,3.0099467009,-1.333086488,-4.343033189,0.7217794686,-0.9554849,-1.677264369
199909,-4.068834629,-2.347777607,1.7210570224,-0.672221676,-1.098744098,-0.426522422
199910,-4.94202457,-2.869666142,2.0723584279,4.7288965476,4.3479901334,-0.380906414
199911,-11.64971193,0.990408918,12.640120852,1.3703744746,10.89392324,9.5235487652
199912,-9.930040035,4.8102383527,14.740278388,5.3287637053,14.355212649,9.0264489439
200001,0.8633265528,-0.509696153,-1.373022706,0.4909830697,-0.862056631,-1.3530397
200002,-24.41674885,-3.204967265,21.211781583,11.892688892,19.331972991,7.4392840996
200003,12.599778071,5.9049610304,-6.69481704,0.1350767177,-1.144161262,-1.27923798
200004,8.283117864,-3.893784457,-12.17690232,-2.293487429,-11.82579618,-9.532308755
200005,5.5172584179,-4.920219661,-10.43747808,-1.98039127,-9.555297902,-7.574906633
200006,-16.53811281,-1.999998727,14.538114081,-0.130830233,11.763078408,11.893908641
200007,7.1459469693,1.0475099137,-6.098437056,0.3589958816,-4.996754395,-5.355750276
200008,-2.650712315,7.2750870538,9.9257993692,4.1138142435,10.287906915,6.1740926712
200009,8.4481268914,1.0242388671,-7.423888024,3.2762765752,-5.302272994,-8.578549569
200010,10.534251851,2.6304833096,-7.903768541,0.4713812169,-6.492115595,-6.963496811
200011,19.193211721,0.1033439333,-19.08986779,0.5410546427,-16.59409795,-17.13515259
200012,5.9213541132,5.8723079069,-0.049046206,-3.358033111,-2.143684483,1.2143486284
200101,-9.875789685,0.5439871525,10.419776837,-2.942926381,13.604556312,16.547482693
200102,19.895296607,2.9109104252,-16.98438618,0.2845030174,-14.70699776,-14.99150078
200103,9.0667378142,-2.454818028,-11.52155584,2.5341753475,-8.417421266,-10.95159661
200104,-8.360245585,4.1846087045,12.544854289,1.7470177872,13.034436004,11.287418217
200105,0.4388283216,3.7213354068,3.2825070852,-0.248842408,2.1098061866,2.3586485946
200106,-0.115090051,1.0829320126,1.1980220636,3.9522455869,2.8961664173,-1.05607917
200107,8.9993722866,0.4702609203,-8.529111366,-4.262519095,-7.813982648,-3.551463553
200108,9.0995513686,-0.743115986,-9.842667355,2.4908812195,-6.789782822,-9.280664041
200109,5.7709681635,-10.94286828,-16.71383645,4.5085968042,-13.04007057,-17.54866738
200110,-9.076995728,1.4955631163,10.572558844,-1.973443733,9.4434323,11.416876033
200111,-2.565043739,7.8558400072,10.420883746,-1.380535043,9.3126657404,10.693200784
200112,0.4609990748,2.8744413215,2.4134422467,3.5638400549,5.9510073264,2.3871672716
200201,8.1806706488,3.4375682174,-4.743102431,1.92341199,-2.238607425,-4.162019415
200202,11.238562376,2.2802679311,-8.958294445,1.1980331672,-5.11004672,-6.308079887
200203,-1.494996533,6.1651714195,7.6601679526,1.1071490479,8.1856643414,7.0785152935
200204,13.015299001,4.1179731249,-8.897325876,5.4070548442,-1.94263457,-7.349689414
200205,5.5305968678,0.7675358332,-4.763061035,0.3617087608,-3.903444508,-4.265153269
200206,5.0730066663,-6.159794578,-11.23280124,-0.938656187,-8.51555774,-7.576901553
200207,8.7846704731,-7.801670343,-16.58634082,-0.386995927,-12.25612535,-11.86912942
200208,1.6190317007,1.6888287922,0.0697970915,0.0001844572,0.2936183212,0.293433864
200209,1.7563083517,-8.957562752,-10.7138711,2.1458346366,-10.42139372,-12.56722835
200210,-5.21616632,2.7552182113,7.9713845318,-3.430122652,8.056500622,11.486623274
200211,-9.578417827,2.9313757268,12.509793554,0.9292260497,13.905246614,12.976020564
200212,7.2652538252,-2.707423034,-9.972676859,-1.927835942,-9.11751604,-7.189680098
200301,-0.504669038,-3.346688431,-2.842019393,2.2651560946,-0.930493273,-3.195649368
200302,0.9673696427,-1.620179209,-2.587548852,-0.429369518,-2.90161067,-2.472241152
200303,-2.860733549,-1.491100085,1.3696334636,2.4155221996,1.9452829075,-0.470239292
200304,-4.812513875,6.4257673692,11.238281245,-2.270089068,9.2215521634,11.491641231
200305,-5.8860539,9.4630455584,15.349099458,-0.363427257,11.463408401,11.826835657
200306,0.494600789,2.7473238299,2.252723041,0.5316945782,2.5937330929,2.0620385147
200307,-3.477594347,1.1573649063,4.6349592529,0.9437630612,5.5744394733,4.6306764121
200308,-2.716198062,3.1764565404,5.8926546024,0.7887235926,6.3354510527,5.5467274601
200309,2.2162724543,-0.091709459,-2.307981914,-0.643266685,-2.282864854,-1.639598169
200310,-1.12613349,6.5529219745,7.679055464,3.7317098142,10.902847705,7.1711378908
200311,2.5448639732,4.6887088322,2.1438448591,2.3968873298,3.6711098844,1.2742225546
200312,0.5112580509,4.3492037326,3.8379456817,-1.568419928,2.3283469573,3.896766885
200401,-1.905167249,2.9155890567,4.8207563059,-1.061551689,3.9413084115,5.0028601006
200402,3.0190594503,3.4618731032,0.4428136529,-0.396342998,-0.060307028,0.3360359698
200403,-0.467239007,-1.356462265,-0.889223258,1.2137261991,-0.414158261,-1.62788446
200404,5.1159665426,1.2999309357,-3.816035607,0.9480477027,-3.299263649,-4.247311351
200405,-3.383045372,-1.792141232,1.5909041406,0.1607515905,1.8285862017,1.6678346111
200406,1.0033886734,3.8256505312,2.8222618578,2.5944048706,4.6298567353,2.0354518647
200407,4.8775696343,-4.544890869,-9.422460504,1.5349695293,-6.449658286,-7.984627815
200408,1.2470158816,0.0535634615,-1.19345242,0.4378765767,-1.656187818,-2.094064395
200409,-2.120703643,2.2755190652,4.3962227086,1.1954248397,4.9388249666,3.7434001268
200410,-0.35991599,1.1408433988,1.5007593889,-0.384544098,2.4207463507,2.8052904487
200411,-0.478185533,6.5860742291,7.0642597616,-1.103402984,6.6582916121,7.7616945962
200412,0.5692493669,3.7678585368,3.1986091699,0.4076200009,4.2757699624,3.8681499615
200501,6.5508948775,0.186945414,-6.363949463,0.5477687041,-4.258411647,-4.806180351
200502,-1.383515236,0.5101066967,1.8936219328,0.5982103585,1.2812232518,0.6830128933
200503,2.946429612,-0.373846839,-3.320276451,0.0907223948,-2.324629786,-2.415352181
200504,0.3373256216,-3.981254737,-4.318580358,0.0208405911,-5.205725857,-5.226566449
200505,-1.603156228,4.8289190102,6.4320752387,1.9525103363,6.7683369119,4.8158265756
200506,-1.54566944,1.1056433982,2.6513128387,-0.254556509,2.019152584,2.2737090927
200507,-2.683479724,4.2171113761,6.9005911005,0.0001175784,6.7153173419,6.7151997635
200508,-2.270636181,-1.699556234,0.5710799477,0.2794627168,-1.740673542,-2.020136259
200509,-1.057212908,1.1149245741,2.172137482,3.2347033082,2.6135255612,-0.621177747
200510,-2.189321242,-5.120365754,-2.931044512,0.2247019594,-3.588123914,-3.812825873
200511,-0.577563114,3.4742981519,4.051861266,0.8969816209,5.0761568038,4.1791751829
200512,-1.058793397,-0.461801264,0.5969921337,-0.810751897,0.0941545664,0.9049064632
200601,-3.291912752,5.3048643046,8.5967770569,-0.306495185,7.5773288942,7.8838240794
200602,0.5588346574,-0.565263714,-1.124098371,-0.665643785,-1.25078876,-0.585144976
200603,-0.493801275,2.4514811465,2.945282421,2.1102220753,4.5936523952,2.48343032
200604,0.8880491575,0.7932448324,-0.094804325,0.7268579178,0.8290396173,0.1021816996
200605,2.8086079852,-4.331750574,-7.140358559,1.3886016219,-4.313839004,-5.702440626
200606,0.4438585385,-0.00438909,-0.448247629,1.315943099,0.3342770409,-0.981666058
200607,3.9976049456,-0.163849799,-4.161454745,-1.13214124,-4.483168466,-3.351027225
200608,1.3803137079,4.2763597986,2.8960460908,-1.843235152,3.0384826084,4.8817177603
200609,3.1115458597,3.5664925931,0.4549467334,-0.446576049,2.0483198064,2.494895855
200610,-0.524553585,4.5202730679,5.0448266525,-2.464904094,3.7806780211,6.2455821149
200611,-0.23732256,3.8349362613,4.0722588218,0.0199955367,3.0344451196,3.0144495829
200612,2.5668182976,0.7086643898,-1.858153908,-0.572318709,-0.500992512,0.0713261975
200701,-0.175832007,1.8945472566,2.0703792638,-0.761280551,1.8311291373,2.5924096888
200702,-1.222103439,-1.513711067,-0.291607628,-0.453381364,-0.60203729,-0.148655926
200703,-1.146260712,1.439514815,2.5857755266,1.3719578269,1.8930947679,0.521136941
200704,-0.410499186,2.9396304945,3.3501296802,-1.709476527,3.2363835791,4.9458601062
200705,-0.749309766,4.4332963946,5.1826061601,1.2792548386,4.6935770297,3.4143221911
200706,-0.171147521,-0.301034987,-0.129887465,1.4524899322,-0.378686945,-1.831176877
200707,-0.5073871,-3.788963719,-3.281576619,1.4886131649,-3.069778897,-4.558392062
200708,-0.540330785,0.8575616232,1.3978924082,0.6008539762,1.2330878727,0.6322338965
200709,-4.507326814,0.3073988687,4.8147256822,3.6168642265,4.6807304747,1.0638662482
200710,-1.358629764,2.8134559609,4.1720857252,1.199970329,3.6223146334,2.4223443044
200711,1.309622662,-6.769304046,-8.078926708,-0.28047829,-6.842835499,-6.562357209
200712,-1.462338205,-0.561817622,0.9005205831,3.0169139869,1.2513066013,-1.765607386
200801,3.0899399697,-6.513955881,-9.603895851,-2.979530831,-10.28625063,-7.306719801
200802,1.3780536422,-2.730285532,-4.108339174,-0.184383842,-2.248251451,-2.063867609
200803,-0.606812215,-1.672806438,-1.065994223,-0.672361937,-1.177356671,-0.504994734
200804,-2.667766221,4.5081517633,7.1759179847,-0.385510242,4.8674664815,5.2529767233
200805,-4.233480432,1.1240870486,5.3575674805,1.8403969707,5.4747920627,3.6343950921
200806,-2.651809175,-9.363376241,-6.711567065,3.3333090075,-5.76716343,-9.100472438
200807,3.3950780798,1.0916373609,-2.303440719,-4.835075992,-3.529673898,1.3054020936
200808,5.0720778291,4.5481063196,-0.523971509,-2.707772875,0.7176076576,3.4253805324
200809,9.1951277751,-7.032226583,-16.22735436,1.3246064019,-13.00549216,-14.33009857
200810,6.0588886904,-18.70557838,-24.76446707,1.7222393174,-20.83856485,-22.56080417
200811,5.4640441566,-7.989720685,-13.45376484,0.5778461241,-10.97855581,-11.55640194
200812,-0.473097117,5.0359961575,5.509093274,-1.815483304,4.2484910309,6.0639743349
200901,-1.950810131,-7.215585794,-5.264775662,0.7543130717,-5.639236155,-6.393549226
200902,0.2181526912,-9.750210547,-9.968363238,2.0301683767,-8.035775383,-10.06594376
200903,1.5082644846,9.782018068,8.2737535835,-0.7606896,10.592467441,11.353157041
200904,1.5197709427,17.242755275,15.722984333,-8.408870296,16.776487895,25.185358191
200905,-5.205829526,1.445869845,6.6516993711,-3.347713552,4.2474404195,7.5951539713
200906,-0.265591192,1.6148253527,1.880416545,-2.234730411,0.1474772098,2.3822076211
200907,0.5527486455,8.7185343009,8.1657856553,1.5620330284,11.980876296,10.418843268
200908,0.9922195626,2.5374405569,1.5452209942,-0.080067577,3.2562393342,3.3363069108
200909,-4.859381599,4.4844947211,9.3438763202,0.9307771383,7.4376971083,6.50691997
200910,6.4288673905,-1.910896054,-8.339763444,-1.857873802,-6.04358026,-4.185706458
200911,-1.864085526,3.2622476654,5.1263331918,0.4005073554,4.9080913855,4.5075840302
200912,-4.216802361,4.2213677556,8.4381701168,-0.735605289,6.3179477232,7.0535530123
201001,0.6999194343,-3.525149217,-4.225068652,-2.466416814,-5.336692703,-2.870275889
201002,0.7244292729,6.527477544,5.8030482711,-0.059402581,4.7119868691,4.7713894498
201003,1.1472326328,7.0652279211,5.9179952883,-1.335852216,7.7093603403,9.0452125567
201004,1.9009368785,5.7255992596,3.8246623812,-1.728141159,3.102943529,4.8310846883
201005,2.6514773144,-6.305306565,-8.956783879,1.1659232278,-6.968970012,-8.13489324
201006,0.5507622871,-6.799017907,-7.349780194,2.6881068924,-6.487568953,-9.175675846
201007,-0.560085901,6.0487711743,6.6088570754,-1.802854581,7.0577688415,8.8606234222
201008,0.0022941821,-4.58497113,-4.587265312,2.5543142046,-4.255028936,-6.80934314
201009,-2.362043066,9.8144037218,12.176446787,2.5264300163,14.104241656,11.577811639
201010,0.0495775239,4.1018940321,4.0523165082,1.6152481434,5.1976292218,3.5823810784
201011,0.3692628474,2.9369092833,2.5676464358,0.3106866148,2.2044900519,1.8938034372
201012,-2.779805264,5.3659792709,8.1457845344,-2.243662864,6.6491188479,8.8927817123
201101,2.0643564897,2.5224319528,0.458075463,-0.003176131,1.7192629458,1.7224390772
201102,-0.094916222,4.9510046303,5.0459208522,2.1823960797,5.4383904807,3.255994401
201103,-0.628216067,1.3111374847,1.9393535517,1.0423201903,1.6251138048,0.5827936145
201104,0.9349698286,4.7392808933,3.8043110647,-0.37848366,2.6828575714,3.0613412313
201105,2.2630658738,0.3144434595,-1.948622414,-0.505909281,-1.767693694,-1.261784413
201106,3.4101167607,0.3763931168,-3.033723644,1.1586490634,-1.62056048,-2.779209543
201107,1.6343212444,-2.209878825,-3.844200069,0.6811759312,-1.747294391,-2.428470322
201108,3.2227298135,-5.503317585,-8.726047399,1.0803772872,-8.203440622,-9.283817909
201109,5.1282301622,-7.207601879,-12.33583204,7.5851552536,-7.185252521,-14.77040777
201110,-3.490078389,11.07258267,14.562661059,-5.352902288,12.530069087,17.882971375
201111,3.660530306,1.4767416749,-2.183788631,2.672093554,0.1327429492,-2.539350605
201112,1.6577063194,0.0867884329,-1.570917887,-0.462623806,-1.948988414,-1.486364608
201201,-5.303111462,4.0362198993,9.3393313616,-1.328344555,7.6930296325,9.0213741877
201202,-0.708579714,3.4496794476,4.1582591619,0.1585641596,4.3032240241,4.1446598645
201203,1.2274078935,2.4391279822,1.2117200887,0.8204197067,2.4370316559,1.6166119492
201204,1.0680417424,-0.951897103,-2.019938846,-0.494621283,-1.297631135,-0.803009852
201205,3.2293923745,-4.911334927,-8.140727301,-1.424565502,-8.337595883,-6.913030381
201206,0.1244728903,4.1473386013,4.022865711,1.9478192183,4.9393509348,2.9915317165
201207,2.7411936138,0.0847593171,-2.656434297,0.9159451244,-0.418929467,-1.334874592
201208,-2.696000624,2.279185774,4.9751863981,-2.469877864,3.0373335904,5.5072114544
201209,-0.78728376,2.4573306826,3.2446144427,0.1486098475,3.3309977069,3.1823878594
201210,1.9746043269,-1.612700957,-3.587305284,0.7028910633,-2.55010145,-3.252992514
201211,-0.542223606,0.8813480123,1.4235716179,0.7438908337,2.2096405802,1.4657497464
201212,-2.164112245,1.5070126797,3.6711249246,-0.74002199,2.7263536301,3.4663756206
201301,-1.084519862,4.5466031051,5.6311229671,0.4398616265,7.0625351004,6.6226734739
201302,3.1323570289,1.5931817217,-1.539175307,1.5829692871,1.2401392046,-0.342830082
201303,0.9161738341,5.3682644774,4.4520906433,0.8012485684,5.1047257465,4.3034771781
201304,-0.136808066,1.2445810211,1.3813890873,-1.872066846,-0.658655236,1.2134116104
201305,-2.19675376,2.7718076291,4.9685613895,-0.111736387,4.2677024885,4.3794388752
201306,0.3379545421,-1.106943704,-1.444898246,1.6635678592,-0.010295154,-1.673863013
201307,-1.215220656,6.5050139628,7.7202346188,1.3498041198,7.3590908366,6.0092867168
201308,-2.80033102,-4.302229328,-1.501898308,0.6300787078,-1.39545024,-2.025528948
201309,-1.667436882,4.5977523955,6.2651892776,1.2557852608,6.4688827012,5.2130974403
201310,5.4532467574,5.1691361578,-0.2841106,0.7438426383,2.9748133919,2.2309707537
201311,0.5071494671,2.981638779,2.4744893118,-0.628949533,2.9985376188,3.6274871516
201312,0.0302195772,2.471470784,2.4412512068,-0.810537487,2.9508983167,3.761435804
201401,-5.365299955,-4.032065786,1.3332341692,0.1068688092,-2.110289206,-2.217158015
201402,-0.809244995,4.7253469792,5.5345919746,1.5965314829,5.9933452632,4.3968137804
201403,5.5727330424,1.5374821672,-4.035250875,-1.409519135,-2.064250776,-0.654731641
201404,2.1093661394,-2.386326951,-4.495693091,-3.050226257,-4.077113106,-1.02688685
201405,-0.91167033,0.3662970568,1.277967387,0.6031811719,1.3993817092,0.7962005374
201406,-3.840098368,2.7284860485,6.5685844164,-0.076427234,4.7378317123,4.8142589467
201407,1.4279253417,-3.388358659,-4.816284001,0.5988671168,-3.36696593,-3.965833047
201408,-1.497582188,4.0138859798,5.5114681674,-1.129290285,4.3992870188,5.5285773037
201409,2.6810481629,-2.15718099,-4.838229153,3.0009634119,-3.109647869,-6.110611281
201410,1.6043825056,4.1392512022,2.5348686966,2.4714259388,4.6692373635,2.1978114247
201411,3.0320597455,3.3548825318,0.3228227863,1.7100962135,2.4149852177,0.7048890042
201412,-1.160850652,0.4121808553,1.5730315077,2.1189862134,1.4054661993,-0.713520014
201501,1.3653098062,-1.70986436,-3.075174166,-0.371589058,-3.582402446,-3.210813388
201502,-3.713688576,4.6202309963,8.3339195719,-2.345775177,7.1144343945,9.4602095711
201503,-0.058156097,0.5471597225,0.60531582,2.2222065466,0.5866368759,-1.635569671
201504,0.2812909773,-1.128739119,-1.410030096,-3.389110183,-1.021835703,2.3672744804
201505,-0.516982091,2.3794053826,2.8963874737,-0.353404499,1.7315642486,2.0849687473
201506,-0.201303942,-0.681366603,-0.480062661,1.9038806094,0.2348360443,-1.669044565
201507,1.0288556358,0.3848713541,-0.643984282,5.6269088079,2.0913169432,-3.535591865
201508,1.8110171301,-5.709108734,-7.520125864,-0.018334627,-5.702849979,-5.684515352
201509,5.7253381899,-2.572627494,-8.297965684,2.6299059506,-4.558530139,-7.18843609
201510,-1.582189562,5.2238703362,6.8060598984,-1.304240803,6.899794604,8.2040354072
201511,-3.430765694,0.212065131,3.6428308249,1.0561062059,2.336658407,1.2805522011
201512,1.3139200477,-2.564743227,-3.878663275,0.0507009426,-3.843139618,-3.893840561
201601,10.297985396,-2.739384247,-13.03736964,0.7506953038,-8.596126356,-9.34682166
201602,2.9429361074,0.7898052733,-2.153130834,-3.784016718,-0.326439412,3.457577306
201603,-0.317253968,7.3373930766,7.6546470451,-1.034810037,7.8659836153,8.9007936519
201604,-3.310899227,-0.495767972,2.8151312547,-2.714937475,1.1596578942,3.8745953687
201605,-2.690718875,-0.775108825,1.9156100496,-2.691106489,0.54966299,3.2407694791
201606,1.9051761959,0.1358774888,-1.769298707,3.0721349043,0.5814744989,-2.490660405
201607,-1.57381021,4.7936300239,6.3674402341,-1.127204599,5.9062928752,7.0334974745
201608,-0.1251516,0.4994821226,0.6246337229,-1.019454318,0.4492064716,1.46866079
201609,-2.763348645,0.3058056926,3.0691543377,3.9227920455,4.1760890019,0.2532969563
201610,4.6303727901,-2.873076091,-7.503448881,-1.431957188,-5.987530823,-4.555573635
201611,1.9076124351,8.4552580904,6.5476456553,2.3173327124,9.6273113762,7.3099786638
201612,4.2379094244,2.4033718153,-1.834537609,-1.598313267,0.2480997245,1.8464129912
201701,-3.803346828,0.4508309956,4.2541778232,-1.694681438,1.4316003161,3.1262817543
201702,-0.075015466,2.4175500719,2.4925655383,-1.380106549,1.2713851437,2.6514916928
201703,0.3032836891,0.885871909,0.5825882199,1.6470424754,0.9386534917,-0.708388984
201704,0.6555096937,1.3574311979,0.7019215042,0.8537418464,0.9698780677,0.1161362214
201705,0.2468481702,-0.964054377,-1.210902548,1.4490056651,0.1177184417,-1.331287223
201706,-2.11874541,0.6608010756,2.7795464853,-0.698827318,2.1756462569,2.8744735744
201707,-1.572843469,0.3251336539,1.8979771227,0.8556580855,1.684248713,0.8285906276
201708,-1.524845143,-0.895489228,0.6293559148,1.3419571833,-0.161316875,-1.503274058
201709,0.7121925391,4.2515366705,3.5393441313,-2.03072835,4.000273379,6.0310017291
201710,1.1002180947,1.0062910489,-0.093927046,1.0399378236,1.5878994251,0.5479616015
201711,4.9691721439,5.6467467432,0.6775745993,0.5938888743,3.4561393846,2.8622505103
201712,-1.131505209,0.7353366207,1.8668418297,-0.049790588,1.2339009616,1.2836915499
201801,-1.31820267,4.6327146155,5.9509172852,2.7455054151,6.6581411099,3.9126356947
201802,-0.407302292,-2.949789969,-2.542487677,1.2703692313,-2.285399849,-3.55576908
201803,-2.360239749,-2.288511512,0.0717282376,-0.350158966,-0.323976278,0.0261826871
201804,-2.1073054,-0.116143412,1.9911619887,-0.820912733,-0.003361796,0.817550937
201805,-1.865718536,4.7436066915,6.6093252279,1.8744800116,5.466899528,3.5924195164
201806,-1.171822739,0.6337068147,1.8055295536,0.6143068026,1.6050769557,0.9907701531
201807,3.9616018973,2.730052233,-1.231549664,-2.178731033,0.9674695938,3.1462006268
201808,-2.022104467,5.0816536467,7.1037581141,5.7965547581,8.6571360406,2.8605812825
201809,1.5747289239,0.2790635976,-1.295665326,0.8788905046,-0.84837299,-1.727263495
201810,5.7767598214,-6.626729951,-12.40348977,-0.054207662,-10.19992986,-10.1457222
201811,-4.162318232,-2.919201362,1.2431168698,0.2394552196,1.2097017592,0.9702465397
201812,1.237585761,-9.894086987,-11.13167275,2.101843556,-9.878299611,-11.98014317
201901,-5.096324706,8.6137059164,13.710030622,-2.717094423,10.525062744,13.242157168
201902,-1.393441981,4.3052398474,5.6986818281,0.2802997136,4.3778745162,4.0975748026
201903,0.155329847,0.3678109104,0.2124810634,-0.145911421,-0.492122242,-0.346210821
201904,1.7411832152,3.1586386434,1.4174554282,1.5849787908,3.700711599,2.1157328082
201905,-0.921141551,-8.878533117,-7.957391566,1.3040525614,-9.361862559,-10.66591512
201906,-0.125058093,7.141521998,7.2665800906,1.9635860218,9.2348193209,7.2712332991
201907,2.2571002928,1.6733368262,-0.583763467,2.3576436185,1.9772891764,-0.380354442
201908,0.8943849887,-4.017143592,-4.911528581,4.3652917767,-2.342974552,-6.708266329
201909,7.9779619968,4.5077306609,-3.470231336,-2.190047237,1.0265243568,3.216571594
201910,1.3044392543,3.238113594,1.9336743397,0.1415826362,1.6456589284,1.5040762922
201911,-4.767591371,3.3611142145,8.1287055851,-0.364707793,4.2571078966,4.6218156899
201912,-0.008143715,3.3706522692,3.3787959839,-0.436183252,3.3837950201,3.8199782719
202001,-4.72800457,-3.460671071,1.2673334991,-0.673302274,-1.737334533,-1.064032258
202002,-5.135864869,-10.76645671,-5.630591842,0.6006563337,-7.762794203,-8.363450537
202003,-2.531904193,-21.83762687,-19.30572268,6.0375982989,-16.17627389,-22.21387219
202004,-3.009236056,17.475597556,20.484833612,-2.559563826,17.870909536,20.430473362
202005,-3.067230173,8.589430371,11.656660544,0.1988713294,8.4917609033,8.2928895739
202006,0.3165306951,5.1692672802,4.8527365851,4.5267552571,8.1594387287,3.6326834716
202007,-2.407503678,5.1596193362,7.5671230146,2.0523674292,7.6434444249,5.5910769957
202008,-1.115800319,10.659522456,11.775322775,2.4431285562,8.6351865121,6.1920579559
202009,-1.87950662,-4.707607601,-2.828100981,-0.906838117,-4.345165859,-3.438327742
202010,1.2211282279,-0.566281314,-1.787409542,-1.197195334,-1.5907659,-0.393570566
202011,-3.965650167,16.97382529,20.939475457,-2.259736032,17.532344563,19.792080595
202012,-2.504759795,6.603477471,9.1082372664,-0.159337623,6.5559979546,6.7153355775
202101,-1.622440949,5.3662840559,6.9887250048,-3.670880867,4.8139083668,8.4847892341
202102,2.7879178115,4.9745591623,2.1866413509,0.2138412517,6.1909618939,5.9771206421
202103,10.40586461,5.1427792104,-5.263085399,-2.913295499,-0.30357357,2.609721929
202104,1.9552137363,4.1892332335,2.2340194973,2.4344121306,4.3330740294,1.8986618988
202105,5.5190726003,2.213926753,-3.305145847,2.558367517,1.5586810134,-0.999686504
202106,-6.884643698,2.5779768609,9.462620559,-1.821642285,3.8909644318,5.7126067173
202107,2.5802202425,-0.488990423,-3.069210666,0.4871891371,-2.39765839,-2.884847527
202108,-1.574107384,1.8002042654,3.3743116497,0.1725224053,2.3711959672,2.198673562
202109,-2.833528707,-5.531621843,-2.698093136,0.0162506928,-4.405289357,-4.42154005
202110,-3.759907618,3.6899442968,7.4498519152,3.3421676032,5.1122822651,1.7701146619
202111,6.6538734403,2.3064903858,-4.347383054,1.0323709022,-4.429277514,-5.461648417
202112,8.2013646885,3.9812293624,-4.220135326,0.0059853337,0.7671051942,0.7611198606
202201,9.6940257299,-4.124389771,-13.8184155,-3.181379688,-11.7450192,-8.563639511
202202,-2.745607947,-3.533054314,-0.787446367,3.249656453,-0.89902838,-4.148684833
202203,-2.390242067,2.6938219296,5.0840639969,-1.063339209,1.947148212,3.0104874213
202204,8.9259904858,-6.813460494,-15.73945098,-0.999312528,-13.61759262,-12.61828009
202205,3.7555365961,-1.412585946,-5.168122542,-1.047357496,-2.624148866,-1.57679137
202206,-2.830461222,-9.919066482,-7.088605261,-1.300246924,-10.86101486,-9.560767935
202207,-3.278449624,11.726551811,15.005001435,-2.212498979,10.941919229,13.154418207
202208,-0.269261658,-1.82363705,-1.554375392,-1.894585245,-2.540887938,-0.646302693
202209,-1.828816257,-11.50723954,-9.678423287,1.8272970713,-9.238369637,-11.06566671
202210,10.140130452,12.901405811,2.7612753588,-4.008700693,4.5421687428,8.550869436
202211,5.8223187093,3.9904577394,-1.83186097,-3.029074797,1.0005369533,4.0296117503
202212,3.1995659203,-8.17310372,-11.37266964,2.3435977292,-5.605931545,-7.949529275
202301,-6.712375999,8.8729171709,15.58529317,-5.486172926,10.021851404,15.50802433
202302,0.2409629493,-0.318551436,-0.559514385,2.518899979,-1.472600532,-3.991500511
202303,1.3510134431,0.0530825677,-1.297930875,2.0337973608,1.5483747778,-0.485422583
202304,6.6914266327,0.6216494927,-6.06977714,-2.320189281,-3.123419638,-0.803230358
202305,-4.179887872,2.3575216661,6.5374095383,4.4537061268,5.5757941802,1.1220880534
202306,-0.512402984,9.1752603589,9.6876633425,-0.812896459,8.5036768649,9.3165733236
202307,-0.001465241,6.7784126642,6.7798779051,0.0960196806,5.7232525222,5.6272328416
202308,3.0718616684,-4.012593078,-7.084454747,2.4974788526,-3.210708082,-5.708186935
202309,2.2503705983,-5.18848802,-7.438858618,2.1435982101,-6.50993456,-8.65353277
202310,3.5440086075,-4.310349635,-7.854358243,1.4689412052,-5.431813406,-6.900754611
202311,-5.338272273,10.238547108,15.57681938,-3.278788474,9.5016801526,12.780468626
202312,-7.64764817,6.9422046605,14.58985283,1.1217479982,10.793037283,9.6712892844
202401,-1.134205068,-2.472984599,-1.338779531,5.0650751764,-1.213593419,-6.278668596
202402,-7.412954914,2.5783789559,9.9913338701,2.6220020978,6.7642368163,4.1422347185
202403,2.1509182622,2.5260809645,0.3751627023,1.3715520397,3.6167407694,2.2451887297
202404,3.961898631,-5.116169132,-9.078067762,-2.899348259,-7.559662059,-4.6603138
202405,4.6131276927,6.3953234997,1.782195807,2.3338160581,7.0101264844,4.6763104263
202406,-1.142146266,1.1315812469,2.2737275132,2.508404772,1.961937779,-0.546466993
202407,1.3694905758,5.6405150739,4.2710244981,0.5399409613,4.480378711,3.9404377497
202408,-2.750732097,-0.904443679,1.8462884181,2.271471128,0.8697940192,-1.401677109
202409,2.053240459,2.9963478239,0.943107365,-0.522079648,2.1994583561,2.7215380039
202410,-4.03839545,-1.878320481,2.1600749686,-1.53058299,-0.530580112,1.0000028787
202411,-5.979376798,9.3071415775,15.286518376,1.7726240713,9.8813435997,8.1087195285
202412,-1.021276269,-8.887013078,-7.865736809,-2.662498854,-4.649037083,-1.98653823
