YYYYMM,MKTRF,SMB,MGMT,PERF,RF
196301,0.049400,0.0244800708,0.0184599713,-0.023198208,0.00250
196302,-0.024000,0.0163258425,0.0120432253,0.0011512448,0.00230
196303,0.030800,-0.009537154,0.0039984574,0.020963839,0.00230
196304,0.045100,-0.035322652,0.0035196579,0.0042923109,0.00250
196305,0.017600,0.0186313595,0.0154498334,0.0071200599,0.00240
196306,-0.020000,0.0014778597,-0.023956914,-0.001781821,0.00230
196307,-0.003900,-0.020135549,-0.017914659,-0.011993884,0.00270
196308,0.050800,-0.003225895,0.0042305326,0.0207762338,0.00250
196309,-0.015700,-0.009513465,0.0072849356,0.0083195388,0.00270
196310,0.025400,-0.004665948,-0.004086996,0.0458594297,0.00290
196311,-0.008600,-0.003750711,-0.012938592,-0.021211433,0.00270
196312,0.018300,-0.021908775,0.0067471921,0.0104754087,0.00290
196401,0.022400,0.0042563422,0.0082596535,0.0356546658,0.00300
196402,0.015500,0.0109253987,0.0112991658,0.0181331028,0.00260
196403,0.014100,0.0227008883,0.0525338967,0.0201123865,0.00310
196404,0.001000,-0.036587507,-0.009659004,-0.002222985,0.00290
196405,0.014100,-0.008677366,0.0052848078,0.01937732,0.00260
196406,0.012700,0.0078899131,-0.023402886,-0.013090103,0.00300
196407,0.017400,0.0072363927,0.0158226509,-0.012759648,0.00300
196408,-0.014400,0.007119916,-0.005440517,-0.008538184,0.00280
196409,0.026900,-0.011769273,0.0118359766,-0.00162435,0.00280
196410,0.006000,0.0045687778,0.003724539,-0.006147238,0.00290
196411,-0.000100,-0.011528087,0.008276447,0.0006712596,0.00290
196412,0.000400,-0.000803756,-0.017352494,-0.000924741,0.00310
196501,0.035400,0.0259871311,-0.00820849,0.0039476443,0.00280
196502,0.004400,0.0375168541,-0.001530002,0.0081151367,0.00300
196503,-0.013400,0.0241852107,-0.006931776,-0.005445823,0.00360
196504,0.031100,0.0187185577,-0.020625886,0.029519863,0.00310
196505,-0.007800,0.0020697069,0.0063882437,-0.006195824,0.00310
196506,-0.055100,-0.046806041,0.0063901171,-0.019299637,0.00350
196507,0.014400,0.0308087647,0.0100499827,0.0195456346,0.00310
196508,0.027300,0.0447900901,-0.005581086,0.0276179439,0.00330
196509,0.028600,0.0055778811,-0.000036909,0.0140134174,0.00310
196510,0.026000,0.0263964053,0.0082722714,0.0235439267,0.00310
196511,-0.000300,0.040796663,0.0210869443,0.0236474809,0.00350
196512,0.010100,0.0322705518,-0.001105785,0.0177237203,0.00330
196601,0.007200,0.0512283296,0.0127999655,0.0328220892,0.00380
196602,-0.012100,0.0325441857,-0.011835421,0.0390405409,0.00350
196603,-0.025100,0.0098429004,0.0066897131,0.004057725,0.00380
196604,0.021300,0.0372960338,-0.001104988,0.042732493,0.00340
196605,-0.056700,-0.029735137,0.0198037496,-0.026286662,0.00410
196606,-0.014400,0.0047871541,-0.008770446,0.0150452539,0.00380
196607,-0.016300,0.0098870486,0.0063446116,-0.011524475,0.00350
196608,-0.079400,-0.03126843,0.023609889,0.0032016265,0.00410
196609,-0.010600,-0.015990982,0.0329662583,-0.029206378,0.00400
196610,0.038600,-0.051362472,0.0437502522,-0.079995982,0.00450
196611,0.013800,0.0431980764,-0.086683212,0.0679231665,0.00400
196612,0.001300,0.0166009967,-0.008015823,-0.014957789,0.00400
196701,0.081500,0.0788473854,-0.037774155,-0.015136623,0.00430
196702,0.007700,0.0232685786,-0.025443688,0.0308071566,0.00360
196703,0.039900,0.0290008388,-0.026176821,0.0381557046,0.00390
196704,0.038900,-0.005585378,-0.033940258,0.0278813484,0.00320
196705,-0.043200,0.0417537746,0.0028276182,0.0027503407,0.00330
196706,0.024200,0.0694357257,-0.047266175,0.0553132481,0.00270
196707,0.045800,0.0314884565,0.0197592268,0.0172797125,0.00320
196708,-0.009000,0.0057805647,0.0118442184,-0.001618645,0.00310
196709,0.031000,-0.005157041,-0.020526996,0.0600801875,0.00320
196710,-0.030800,0.0011860503,-0.030553983,0.0357049995,0.00390
196711,0.003700,0.0050189529,-0.029116626,-0.001173423,0.00360
196712,0.030500,0.0617283121,-0.010760816,0.0023067915,0.00330
196801,-0.040300,0.0396301174,0.0638827985,-0.04837164,0.00400
196802,-0.037400,-0.020476056,0.0433012307,-0.016882411,0.00390
196803,0.002100,-0.018259952,-0.016620515,0.0439513112,0.00380
196804,0.090200,0.0647637479,-0.063895109,0.063049048,0.00430
196805,0.022800,0.0888881577,-0.026191271,0.0382520344,0.00450
196806,0.007000,-0.001241185,0.0299770336,-0.049364796,0.00430
196807,-0.026900,-0.037899418,0.0415096024,-0.026897291,0.00480
196808,0.013500,0.0302307669,-0.00311844,0.0235912937,0.00420
196809,0.040500,0.0215400907,-0.001196775,0.004286607,0.00430
196810,0.004300,-0.00523493,0.0279072186,-0.012225866,0.00440
196811,0.054300,0.021999486,-0.037287165,-0.019190271,0.00420
196812,-0.039300,0.042297645,0.0198218344,-0.003981305,0.00430
196901,-0.012500,-0.010680942,0.0198621661,-0.03100484,0.00530
196902,-0.058600,-0.039539345,0.0342042818,0.022157337,0.00460
196903,0.026600,0.004236143,0.0099234748,0.0517558218,0.00460
196904,0.014600,-0.015953567,-0.005416511,0.0163794473,0.00530
196905,-0.000900,-0.001189505,0.0080954831,0.0090213753,0.00480
196906,-0.071900,-0.034374824,0.0338092279,0.0338187791,0.00510
196907,-0.070000,-0.031422378,0.0380056353,0.0198195352,0.00530
196908,0.046900,0.0105749675,-0.073746133,0.0368300221,0.00500
196909,-0.029700,0.0236249135,0.0276769465,0.0356124412,0.00620
196910,0.050600,0.049703951,-0.027797365,-0.029746811,0.00600
196911,-0.038000,-0.017573907,0.0051607976,0.0503912327,0.00520
196912,-0.026300,-0.027889755,0.0107859253,0.0489098034,0.00640
197001,-0.081000,0.0322181728,0.0631097145,0.0067528827,0.00600
197002,0.051400,-0.032028461,0.0152905,-0.031572841,0.00620
197003,-0.010600,-0.017361901,0.0750908771,-0.001334705,0.00570
197004,-0.109900,-0.067921619,0.0831078514,0.0253010431,0.00500
197005,-0.069000,-0.051011026,0.0543342041,-0.014146437,0.00530
197006,-0.058000,-0.026088178,0.0602111911,0.0740703056,0.00580
197007,0.069200,-0.014196257,0.0000242989,-0.038677018,0.00520
197008,0.045000,0.020595306,-0.005346649,-0.057883975,0.00530
197009,0.041800,0.0911394762,-0.078228734,-0.05428026,0.00540
197010,-0.022700,-0.034709562,0.0367707512,0.0848223767,0.00460
197011,0.046200,-0.022942966,0.0251400608,-0.006383372,0.00460
197012,0.057400,0.0352464216,-0.005789321,-0.020160332,0.00420
197101,0.048300,0.0344670429,-0.023364453,-0.069200421,0.00380
197102,0.014100,0.0475529599,0.0015320937,0.0193923445,0.00330
197103,0.041200,0.0284461916,-0.026313319,0.0167760619,0.00300
197104,0.031500,-0.007104212,0.0053647174,0.032667687,0.00280
197105,-0.039900,-0.014810799,-0.006865268,0.0291240626,0.00290
197106,-0.000900,-0.009321248,-0.031266856,0.0115516972,0.00370
197107,-0.044900,-0.013122882,0.0156212743,-0.013356181,0.00400
197108,0.037900,0.0270188234,0.0237642618,0.0405451556,0.00470
197109,-0.008600,-0.002692011,-0.008649176,0.0299423762,0.00370
197110,-0.044200,-0.016396112,-0.000419691,-0.007372802,0.00370
197111,-0.004600,-0.016835926,0.0113659559,0.0121595006,0.00370
197112,0.087100,0.0461550224,-0.039073915,-0.002347794,0.00370
197201,0.024700,0.0733366602,0.0031992395,0.017833506,0.00290
197202,0.028700,0.0165490045,-0.013470664,0.0434022401,0.00250
197203,0.006200,0.0141946781,0.0053343677,0.009218107,0.00270
197204,0.002900,-0.005099864,-0.014575545,0.0110880074,0.00290
197205,0.012900,-0.031524488,-0.014271878,0.0386654358,0.00300
197206,-0.024300,-0.015177193,0.0061991194,0.0233317838,0.00290
197207,-0.008000,-0.015633572,0.0321283363,0.0074002203,0.00310
197208,0.032700,-0.047915533,0.036437335,-0.052761202,0.00290
197209,-0.011400,-0.0292842,-0.003743525,0.0174694173,0.00340
197210,0.005200,-0.022668377,0.0061151122,-0.021387302,0.00400
197211,0.046000,-0.001888709,0.020791498,-0.047664879,0.00370
197212,0.006200,-0.022143774,0.0019535328,0.0510632663,0.00370
197301,-0.032700,-0.009453427,0.0316368022,0.0189421735,0.00440
197302,-0.048500,-0.029157018,0.0276076716,-0.002827273,0.00420
197303,-0.013000,-0.030370729,0.0376508302,-0.003871994,0.00460
197304,-0.056800,-0.024824169,0.0572012472,0.033197164,0.00520
197305,-0.029700,-0.061701425,0.0100815569,0.0472496266,0.00510
197306,-0.015700,-0.020868386,0.0327267763,0.0175736645,0.00510
197307,0.050400,0.0285743115,-0.064247242,-0.041138983,0.00640
197308,-0.038200,-0.014073486,0.0127501196,0.0127197224,0.00700
197309,0.047400,0.029822887,-0.007561839,-0.068076369,0.00680
197310,-0.008300,0.0172844681,0.0406269331,0.0245320725,0.00650
197311,-0.127800,-0.067451238,0.0718549012,0.0195821834,0.00560
197312,0.005900,-0.053411634,0.012242181,0.0034631555,0.00640
197401,-0.001600,0.1003492997,0.017618285,-0.056212968,0.00630
197402,-0.004600,-0.003035118,0.0273864881,-0.011358158,0.00580
197403,-0.028200,0.0333736558,0.0089838883,0.0152394804,0.00560
197404,-0.052800,0.0026059954,0.0383751409,0.0358146768,0.00750
197405,-0.047000,-0.025135355,-0.006990568,0.0614377406,0.00750
197406,-0.028400,-0.006949063,0.0284430414,0.0681830614,0.00600
197407,-0.080600,0.0334980607,0.0448962477,-0.036303098,0.00700
197408,-0.093900,0.0022632239,0.0396675766,0.0074195426,0.00600
197409,-0.117900,0.0237717093,0.0620274252,-0.040860796,0.00810
197410,0.161100,-0.046451482,-0.069712908,-0.007099728,0.00510
197411,-0.045300,0.0017031613,0.0225092405,-0.009023518,0.00540
197412,-0.034400,-0.038518898,0.0478998166,0.0011079476,0.00700
197501,0.136700,0.1071404069,-0.000611512,-0.106729288,0.00580
197502,0.055600,-0.006303288,-0.022591553,0.0557950897,0.00430
197503,0.026600,0.0416992369,-0.024444955,0.0287688965,0.00410
197504,0.042200,0.0031989637,-0.014079032,0.032437811,0.00440
197505,0.052000,0.0090848828,-0.029498166,0.0068427428,0.00440
197506,0.048700,0.0075115422,0.0207498993,-0.039875962,0.00410
197507,-0.066000,0.0290148815,0.0310075031,-0.0043014,0.00480
197508,-0.028400,-0.029629206,0.011502325,0.0182446997,0.00480
197509,-0.042600,-0.007379633,0.0052192542,0.0284997987,0.00530
197510,0.053200,-0.028794981,0.0140982005,0.0226228146,0.00560
197511,0.026500,-0.000989697,0.0114310677,0.0103952612,0.00410
197512,-0.016000,0.0085043551,0.0144988317,-0.029493429,0.00480
197601,0.121500,0.0819735808,0.0270906158,0.0107115723,0.00470
197602,0.003100,0.0631455876,0.043116983,-0.012005614,0.00340
197603,0.023200,-0.016301602,0.0057150709,0.0037647921,0.00400
197604,-0.014900,-0.007130394,-0.015615392,-0.007861252,0.00420
197605,-0.013400,-0.011096242,0.0012025993,-0.001621289,0.00370
197606,0.040600,-0.005229587,0.0047938972,-0.021674168,0.00430
197607,-0.010600,0.0114635222,0.019431108,-0.015120844,0.00470
197608,-0.005700,-0.024791383,0.0086996354,0.0000376659,0.00420
197609,0.020600,0.0100989429,-0.002245624,0.0104143307,0.00440
197610,-0.024200,-0.000712825,0.0020493873,-0.020396023,0.00410
197611,0.003600,0.0299168723,-0.0036706,-0.007563505,0.00400
197612,0.056500,0.0418707929,0.0294589579,-0.023066064,0.00400
197701,-0.040300,0.0560573981,0.0303357758,-0.008420494,0.00360
197702,-0.019400,0.0104995498,0.0103137715,0.0120365561,0.00350
197703,-0.013500,0.0172609407,-0.006851638,-0.004081779,0.00380
197704,0.001500,0.0123543445,0.0108547179,-0.009558165,0.00380
197705,-0.014700,0.0186618695,0.0055472474,-0.000647799,0.00370
197706,0.047200,0.0302424695,-0.00997635,0.0101026677,0.00400
197707,-0.016900,0.0173902616,0.010867408,0.0031119768,0.00420
197708,-0.017600,0.0143088686,-0.006711465,0.0264778618,0.00440
197709,-0.002700,0.0078398095,-0.001249942,0.0172695778,0.00430
197710,-0.043900,0.0184733844,0.0074560625,0.0038103052,0.00490
197711,0.040000,0.0543385251,-0.009709329,0.0168236485,0.00500
197712,0.002700,0.006538832,-0.006134196,0.0194810875,0.00490
197801,-0.060000,0.0298242607,0.0251733492,-0.012514099,0.00490
197802,-0.013900,0.0319552062,0.0142696212,-0.003355817,0.00460
197803,0.028500,0.0372557893,0.0162038145,-0.006582247,0.00530
197804,0.078700,-0.004352758,-0.011854714,0.0308287075,0.00540
197805,0.017600,0.0437716422,-0.022685519,0.0335053759,0.00510
197806,-0.016900,0.0206251013,-0.010473226,0.0094260651,0.00540
197807,0.051200,0.0128773627,0.0053220849,0.0294352962,0.00560
197808,0.037800,0.0426941274,0.0013802238,0.0223533979,0.00560
197809,-0.014400,-0.012897271,0.010522696,-0.02714117,0.00620
197810,-0.119000,-0.111056597,0.047087797,-0.027935921,0.00680
197811,0.027100,0.0339691546,-0.036576853,0.0352942602,0.00700
197812,0.008700,0.0239511716,0.0013414774,0.0310545537,0.00780
197901,0.042200,0.0378037777,-0.009237633,-0.016954642,0.00770
197902,-0.035600,-0.00717576,0.0131290377,-0.012727748,0.00730
197903,0.056700,0.0343143532,-0.021583561,0.01261743,0.00810
197904,-0.000700,0.0221468241,0.0043091508,0.0109175604,0.00800
197905,-0.022000,-0.005198561,0.0067349794,-0.007504309,0.00820
197906,0.038400,0.0129400973,-0.001581169,-0.043700012,0.00810
197907,0.008300,0.0089327812,0.0051512035,-0.018393198,0.00770
197908,0.055400,0.0225932493,-0.027005544,0.0252254665,0.00770
197909,-0.008300,-0.006129878,0.0073556643,0.0328819229,0.00830
197910,-0.081000,-0.03264429,0.0036992067,0.0283393953,0.00870
197911,0.052200,0.0231815028,-0.040484796,0.0271425901,0.00990
197912,0.017800,0.0357529325,-0.012847539,0.032439455,0.00950
198001,0.055000,0.0315438224,0.0087357223,0.0419360044,0.00800
198002,-0.012300,-0.013391453,0.0158484435,0.0629991798,0.00890
198003,-0.129000,-0.067376606,0.0066696301,-0.064149566,0.01210
198004,0.039500,0.0114266767,-0.013840618,-0.045199602,0.01260
198005,0.052600,0.0140758827,-0.011474187,-0.00946155,0.00810
198006,0.029800,0.0103916876,-0.008533049,0.0035060895,0.00610
198007,0.065100,0.0354159947,-0.031273831,0.0451905725,0.00530
198008,0.017500,0.0380002762,-0.024037163,0.0385142708,0.00640
198009,0.021900,0.0047172356,-0.042276128,0.0496869718,0.00750
198010,0.010400,0.0176685041,-0.020786625,0.0409877508,0.00950
198011,0.096000,-0.04083251,-0.073229817,0.0971286364,0.00960
198012,-0.044600,0.0025318728,0.029822585,-0.067101858,0.01310
198101,-0.050600,0.0305327246,0.0709646904,-0.045477655,0.01040
198102,0.006100,0.003101896,0.0363170041,-0.004443963,0.01070
198103,0.036700,0.0420861453,-0.00169269,-0.000637189,0.01210
198104,-0.021600,0.0611686805,0.0101455303,0.013300905,0.01080
198105,0.001300,0.0351801474,-0.011874759,0.0153521727,0.01150
198106,-0.023400,-0.017820434,0.0502873594,-0.044045507,0.01350
198107,-0.015500,-0.037748721,-0.013099549,-0.002116964,0.01240
198108,-0.070200,-0.00610191,0.0306065341,-0.015099851,0.01280
198109,-0.071900,-0.005089003,0.047663828,0.0018497202,0.01240
198110,0.049200,0.0145123513,-0.021579459,0.017204635,0.01210
198111,0.034000,-0.02101926,0.0188236951,-0.011781492,0.01070
198112,-0.036300,0.0251424471,0.0270466714,0.0263173713,0.00870
198201,-0.032300,0.0053207468,0.0333880927,0.0194099529,0.00800
198202,-0.058600,0.0250262705,0.0563195952,0.0118102865,0.00920
198203,-0.018200,0.0049772614,0.0336434488,0.0018992329,0.00980
198204,0.032400,0.0261238126,-0.017899601,0.0245785478,0.01130
198205,-0.039300,0.0009473715,0.0225046759,0.0202105844,0.01060
198206,-0.030800,0.0116545554,0.0348761689,0.0190242103,0.00960
198207,-0.032000,0.0323909119,0.0183231252,0.0501608125,0.01050
198208,0.112300,-0.045361275,-0.019663885,-0.009434054,0.00760
198209,0.013100,0.0373600652,0.031558341,0.0087594532,0.00510
198210,0.113000,0.0292766005,-0.038044045,-0.025568227,0.00590
198211,0.046800,0.0498451144,-0.010885954,0.0483838902,0.00630
198212,0.005600,-0.002673318,0.0081954332,0.031244485,0.00670
198301,0.035900,0.0148466808,-0.018934458,0.0026608826,0.00690
198302,0.025900,0.0284311721,0.0185402379,0.033412905,0.00620
198303,0.028100,0.0140060904,0.0435067106,-0.023449848,0.00630
198304,0.066600,-0.015194579,0.0216870511,-0.008522943,0.00710
198305,0.005100,0.0498799867,-0.031836895,-0.039278809,0.00690
198306,0.030700,0.0065827996,-0.001429196,0.0510028367,0.00670
198307,-0.040600,0.0225956645,0.0430246717,-0.022474829,0.00740
198308,-0.005000,-0.045124571,0.0262247983,-0.026036505,0.00760
198309,0.009200,0.0170672216,0.0102806914,0.0102729157,0.00760
198310,-0.034300,-0.03560897,0.0456393785,-0.01021107,0.00760
198311,0.021700,0.0158463784,-0.004737799,-0.018122919,0.00700
198312,-0.017700,-0.001847361,0.0454430567,-0.00414811,0.00730
198401,-0.019200,-0.013789814,0.0659069404,-0.054501604,0.00760
198402,-0.047700,-0.003908799,0.0313636673,0.0024992772,0.00710
198403,0.006500,-0.002192787,0.02420723,-0.007304298,0.00730
198404,-0.005100,-0.006266738,0.0197797379,0.0479110332,0.00810
198405,-0.059800,0.0023170139,0.0102913076,0.0474410115,0.00780
198406,0.018100,0.004816091,-0.009736895,0.0229061251,0.00750
198407,-0.027200,-0.015046378,0.0157281217,0.0318600738,0.00820
198408,0.102700,-0.008413562,-0.036055284,-0.040648966,0.00830
198409,-0.008000,0.005493681,0.0469970255,-0.017595135,0.00860
198410,-0.008400,-0.006447557,0.0118058594,0.0163698379,0.01000
198411,-0.017700,-0.005586494,0.0308684638,0.0002614114,0.00730
198412,0.018400,-0.000423925,-0.005645959,0.0115578131,0.00640
198501,0.079700,0.0208080099,-0.043991618,-0.024261921,0.00650
198502,0.012200,0.0078358685,0.0273210597,0.0158863132,0.00580
198503,-0.008300,-0.018401264,0.0432613363,-0.008951616,0.00620
198504,-0.009600,0.0040724541,0.0344732264,-0.013539426,0.00720
198505,0.050700,-0.019043308,0.0040911367,0.0206748736,0.00660
198506,0.012700,-0.001511821,0.0033376763,0.0194454068,0.00550
198507,-0.007200,0.0342272063,0.006856564,0.0001057182,0.00620
198508,-0.010100,0.0099807398,0.0289735021,0.0004565581,0.00550
198509,-0.045100,-0.005543523,0.0500045188,0.0225020454,0.00600
198510,0.040000,-0.016983112,0.0032800752,0.0028116064,0.00650
198511,0.064600,0.010219973,-0.023888794,0.0221583064,0.00610
198512,0.038800,0.0015020191,-0.004794097,0.0175985628,0.00650
198601,0.006500,0.008410541,-0.012080909,0.0069197949,0.00560
198602,0.071400,-0.006416605,0.0081713002,0.0063525363,0.00530
198603,0.049100,0.0010344418,0.0107222201,0.0061701461,0.00600
198604,-0.012800,0.0348517528,-0.000185288,0.043680655,0.00520
198605,0.046200,-0.006862885,0.0103912869,0.011824888,0.00490
198606,0.010600,-0.019242732,-0.001125799,0.037911807,0.00520
198607,-0.064300,-0.026055766,0.0340097917,0.022807506,0.00520
198608,0.060700,-0.032053653,0.0306759124,-0.040534253,0.00460
198609,-0.085900,0.0293107293,0.0378100197,-0.039338153,0.00450
198610,0.046400,-0.015885169,-0.022391035,0.0236780945,0.00460
198611,0.011700,-0.017253255,0.0192026737,0.0366034591,0.00390
198612,-0.032600,0.0080301871,0.0109711266,0.0068908725,0.00490
198701,0.124500,-0.008183668,-0.00126863,0.0473587711,0.00420
198702,0.043800,0.0405315166,-0.038434137,0.0148835549,0.00430
198703,0.016300,0.0123243802,0.0345887769,0.0147384029,0.00470
198704,-0.020900,-0.014056369,0.0220669517,0.0232728332,0.00440
198705,0.001100,-0.001293456,0.0103744451,0.0078973747,0.00380
198706,0.039100,-0.015033152,0.0125532709,-0.008883141,0.00480
198707,0.038400,-0.011956809,0.0099301373,0.0197734805,0.00460
198708,0.035200,0.0056069176,-0.008562226,0.0087493163,0.00470
198709,-0.025800,0.0055035943,0.0243557465,0.0072365766,0.00450
198710,-0.231900,-0.083365748,0.0723933985,-0.018177918,0.00600
198711,-0.077600,0.0241731945,0.0152357103,-0.009263293,0.00350
198712,0.068200,0.0249868329,-0.05434659,0.066251094,0.00390
198801,0.042100,-0.008939299,0.0306381715,-0.085551033,0.00290
198802,0.047700,0.0495037128,-0.020831368,0.0174823534,0.00460
198803,-0.022600,0.0659819562,0.0118132495,0.0178744261,0.00440
198804,0.005700,0.020254288,0.0095943302,0.016071487,0.00460
198805,-0.002700,-0.022840968,0.022591595,-0.029941364,0.00510
198806,0.047800,0.0173649654,-0.035405538,-0.004153215,0.00490
198807,-0.012500,0.0044112996,0.0269640315,-0.026634057,0.00510
198808,-0.033100,0.0142598155,0.0289735772,-0.03373774,0.00590
198809,0.033100,-0.008244522,0.0058095983,0.0018331199,0.00620
198810,0.011600,-0.026412384,0.0246369288,0.0017341328,0.00610
198811,-0.022700,-0.004282799,0.0126886365,0.0055647065,0.00570
198812,0.014800,0.0270586132,-0.018515272,0.0320581556,0.00630
198901,0.060700,-0.018542817,-0.002462748,-0.00890095,0.00550
198902,-0.022300,0.0353113574,0.0100919569,-0.004860072,0.00610
198903,0.015700,-0.007798422,0.0133892891,-0.011176734,0.00670
198904,0.043500,-0.008173028,-0.018968033,0.0185945747,0.00670
198905,0.032800,-0.003810703,-0.013068515,0.0104162015,0.00790
198906,-0.013300,-0.01456165,0.0234218342,-0.028332625,0.00710
198907,0.071800,-0.036869908,0.0048472901,0.0360490736,0.00700
198908,0.014300,0.0085991676,-0.005539906,-0.011644917,0.00740
198909,-0.007600,0.014431176,0.0079263745,0.0151701819,0.00650
198910,-0.036500,-0.018148318,0.0064681707,0.046030612,0.00680
198911,0.010400,-0.009372094,0.0116183661,0.0272595698,0.00690
198912,0.011800,-0.009040786,0.0148176491,0.0325704144,0.00610
199001,-0.078000,-0.012069463,0.0028805586,0.0158623238,0.00570
199002,0.011200,0.0177408438,-0.016032895,-0.008005254,0.00570
199003,0.018300,0.0189802939,-0.021270371,0.05541418,0.00640
199004,-0.033600,-0.002051727,-0.007571793,0.0399055995,0.00690
199005,0.084300,-0.012985228,-0.039965686,0.0341381771,0.00680
199006,-0.010900,0.0211294621,-0.013634476,0.0375427633,0.00630
199007,-0.019000,-0.012480236,0.0308334243,0.0390453772,0.00680
199008,-0.101200,-0.037994946,0.0480151178,0.0084558764,0.00660
199009,-0.061100,-0.025369908,0.044628314,0.059956385,0.00600
199010,-0.019200,-0.057983111,0.0052642986,0.0714486852,0.00680
199011,0.063500,0.0153662652,-0.044653106,-0.043940565,0.00570
199012,0.024600,0.0189245177,-0.02287664,0.0077768271,0.00600
199101,0.046900,0.0381163871,-0.030969455,-0.003076181,0.00520
199102,0.071900,0.0365555015,-0.009035124,-0.036600322,0.00480
199103,0.026600,0.0192572202,-0.034517872,0.0095391285,0.00440
199104,-0.002800,-0.001025033,0.0122991735,-0.01107843,0.00530
199105,0.036600,0.011676017,-0.003803751,-0.012100473,0.00470
199106,-0.049400,0.0039582645,0.0246060706,0.0050696443,0.00420
199107,0.042400,-0.001928969,-0.015261556,0.0358035738,0.00490
199108,0.023200,0.0167697261,-0.021051007,0.0177015686,0.00460
199109,-0.015900,0.0160268078,0.0047704956,0.0032868457,0.00460
199110,0.012900,0.0079797491,0.0180118552,0.0174748663,0.00420
199111,-0.042000,-0.003784117,-0.01914615,0.040331659,0.00390
199112,0.108500,-0.013125679,-0.029232402,0.0711519082,0.00380
199201,-0.005900,0.0733376562,0.0049785866,-0.050369582,0.00340
199202,0.010800,0.0156955403,0.0237631026,-0.026755919,0.00280
199203,-0.026500,-0.006368117,0.0447851643,-0.013480897,0.00340
199204,0.010900,-0.05260343,0.0638285424,-0.033247718,0.00320
199205,0.003000,0.0055924415,0.0062846528,-0.007213794,0.00280
199206,-0.023300,-0.012450337,0.0207013295,-0.025786797,0.00320
199207,0.037800,-0.002510337,0.0016358545,0.0171826684,0.00310
199208,-0.023800,0.0007701212,0.0055557533,0.037855428,0.00260
199209,0.011900,-0.000854217,-0.001630042,0.0122829191,0.00260
199210,0.010200,0.0187811004,-0.031743213,0.0212734649,0.00230
199211,0.041400,0.0230957729,-0.037565898,-0.010521575,0.00230
199212,0.015300,0.0124074332,0.0091125694,-0.009325116,0.00280
199301,0.009300,0.025614144,0.0228426248,-0.025081436,0.00230
199302,0.001200,-0.024324056,0.0535014134,-0.032176502,0.00220
199303,0.023200,0.0073367384,0.0079093078,0.0054199678,0.00250
199304,-0.030500,-0.004703048,0.0368205688,-0.030616784,0.00240
199305,0.028900,0.0130202756,-0.023751818,0.0226747754,0.00220
199306,0.003000,-0.013266043,0.0169375964,-0.022828196,0.00250
199307,-0.003400,0.0036802495,0.0385570948,-0.022709422,0.00240
199308,0.037200,0.0091667688,0.0004430677,0.0137779178,0.00250
199309,-0.001200,0.0171646382,-0.003886648,0.0279268578,0.00260
199310,0.014200,0.0087596936,0.0022477318,-0.002054931,0.00220
199311,-0.018700,-0.003483342,-0.00665467,-0.006605474,0.00250
199312,0.016500,0.0198946167,0.0018527516,0.0211748602,0.00230
199401,0.028700,-0.01232678,-0.00253817,-0.025011282,0.00250
199402,-0.025500,0.0273071866,-0.012077563,0.0320289467,0.00210
199403,-0.047900,0.0002044895,0.0272034693,-0.002117105,0.00270
199404,0.006800,-0.006151349,0.0092686844,-0.008294981,0.00270
199405,0.005800,-0.013472768,0.0230664019,-0.044234512,0.00320
199406,-0.030400,0.0080354394,0.0381644716,-0.016710248,0.00310
199407,0.028200,-0.022556375,0.0066048892,-0.000751005,0.00280
199408,0.040200,0.0218606544,-0.035246795,0.0349915638,0.00370
199409,-0.022800,0.0372916687,0.0088541804,0.0355209493,0.00370
199410,0.013500,-0.005288417,-0.004977318,0.0456733472,0.00380
199411,-0.040300,0.0076690995,0.0005362214,0.0280448059,0.00370
199412,0.008600,0.0018501337,0.0126290926,0.0213479407,0.00440
199501,0.018000,-0.028929321,0.0098364422,-0.018944189,0.00420
199502,0.036300,-0.000483813,-0.00245235,-0.015842307,0.00400
199503,0.021900,-0.004947817,-0.000797405,0.0220943458,0.00460
199504,0.021100,0.0067253182,0.0173992586,-0.003147226,0.00440
199505,0.029000,-0.024988828,0.0232764311,-0.028647976,0.00540
199506,0.027200,0.0158751991,-0.037827239,0.0311656121,0.00470
199507,0.037100,0.0138440803,-0.036756697,0.0254008031,0.00450
199508,0.005500,0.0222677817,0.0202800841,-0.04459039,0.00470
199509,0.033600,-0.017536385,0.0155558351,0.0096540942,0.00430
199510,-0.015100,-0.027475447,0.039331871,0.0509071285,0.00470
199511,0.039600,-0.01122498,0.0130181452,-0.006514941,0.00420
199512,0.010400,0.0024148543,0.0402252164,-0.01598261,0.00490
199601,0.022600,-0.014617841,0.0252064791,-0.027542955,0.00430
199602,0.013300,0.0273305912,-0.018598185,0.0320030692,0.00390
199603,0.007400,0.0034374168,0.0035602747,0.0002354577,0.00390
199604,0.020600,0.0276874045,-0.061116859,0.032751729,0.00460
199605,0.023600,0.0167649165,-0.008700568,0.0232198373,0.00420
199606,-0.011300,-0.020001673,0.0462359096,0.0006445731,0.00400
199607,-0.059600,-0.015816956,0.0648512208,0.0133264789,0.00450
199608,0.027700,0.0220928752,-0.037971607,-0.006496848,0.00410
199609,0.050100,-0.010263291,-0.021473042,0.0202995016,0.00440
199610,0.008700,-0.022025728,0.0597567736,0.0095454774,0.00420
199611,0.062500,-0.042327862,0.0065319643,0.0034493087,0.00410
199612,-0.017000,0.0426073958,0.0191110847,7.4715133E-6,0.00460
199701,0.049600,-0.001511391,0.0045131479,0.0340466376,0.00450
199702,-0.004800,-0.016977884,0.0679854335,-0.035243592,0.00390
199703,-0.050200,0.0055342279,0.0381877487,-0.007770447,0.00430
199704,0.040400,-0.04265583,0.0220924744,0.0240586486,0.00430
199705,0.067300,0.042669772,-0.055620902,-0.021823354,0.00490
199706,0.041000,0.009213578,0.008357921,0.0123163779,0.00370
199707,0.073100,-0.021095966,-0.011155497,0.0068045702,0.00430
199708,-0.041000,0.0762745774,-0.009327796,-0.005981808,0.00410
199709,0.053400,0.0210822861,-0.008286327,-0.016842521,0.00440
199710,-0.038000,0.0054884336,0.0180118725,-0.033286447,0.00420
199711,0.029900,-0.042769248,0.04422266,0.0141610462,0.00390
199712,0.013300,-0.003761383,0.0317458179,-0.004161718,0.00480
199801,0.001500,-0.012515055,-0.006366005,0.019321667,0.00430
199802,0.070300,0.0092016775,-0.01614298,-0.004993876,0.00390
199803,0.047600,-0.025869223,-0.010276534,-0.019137422,0.00390
199804,0.007400,0.00537351,0.0083279361,-0.003451752,0.00430
199805,-0.030700,-0.021446135,0.0384321175,0.0136380558,0.00400
199806,0.031900,-0.027532891,-0.004419556,0.0760473827,0.00410
199807,-0.024200,-0.047904254,0.0315856967,0.0052197552,0.00400
199808,-0.160500,-0.021969884,0.068812634,0.0635546882,0.00430
199809,0.061900,-0.015183943,-0.006038605,0.0066070836,0.00460
199810,0.069800,-0.029962141,-0.009100341,-0.046015082,0.00320
199811,0.060700,0.0072365664,-0.001016013,-0.003376654,0.00310
199812,0.061500,-0.023446864,-0.018394067,0.0897024746,0.00380
199901,0.034800,0.0037799073,-0.03397775,-0.026141487,0.00350
199902,-0.040800,-0.050509954,0.0365468617,-0.030709003,0.00350
199903,0.034800,-0.045413181,-0.020471913,-0.021751711,0.00430
199904,0.043400,0.0180331055,0.0070609637,-0.096675829,0.00370
199905,-0.024600,0.0605864877,0.0245051434,0.0073348715,0.00340
199906,0.047700,0.0112913446,-0.005524557,0.0375712838,0.00400
199907,-0.034900,0.0267793346,0.0461579277,-0.003961847,0.00380
199908,-0.013700,-0.013121005,0.0331935517,0.0322296887,0.00390
199909,-0.027700,0.0059517391,0.0010992134,0.0638565774,0.00390
199910,0.060900,-0.064077743,-0.017669635,-0.008059869,0.00390
199911,0.034100,0.0522302275,-0.04523466,0.0657961413,0.00360
199912,0.076600,0.0368637222,-0.042520136,0.1053849238,0.00440
200001,-0.047400,0.03747734,0.0161992233,-0.023893376,0.00410
200002,0.024600,0.1607068593,-0.078930307,0.0779391067,0.00430
200003,0.052100,-0.089879352,0.0019385478,-0.00498981,0.00470
200004,-0.063900,-0.03874184,0.0443120814,0.0265044365,0.00460
200005,-0.043900,-0.043077257,0.0762888828,-0.03688276,0.00500
200006,0.046800,0.0921937402,-0.078106061,0.0264311757,0.00400
200007,-0.024800,-0.008571023,0.0599391857,0.0108452705,0.00480
200008,0.070300,0.0244205795,-0.007680308,-0.003987451,0.00500
200009,-0.054400,-0.019309915,0.054605404,-0.008215329,0.00510
200010,-0.027800,-0.025294599,0.0750796249,0.092481382,0.00560
200011,-0.107000,0.0040618528,0.1234932624,0.1481189059,0.00510
200012,0.011800,0.0358202621,0.058921818,0.0071923609,0.00500
200101,0.032500,0.0359050908,-0.073539439,-0.158233485,0.00540
200102,-0.100300,0.0383482201,0.1452422293,0.1852235042,0.00380
200103,-0.072500,0.033564835,0.0768192655,0.118670789,0.00420
200104,0.079300,0.0100012957,-0.08941802,-0.063079406,0.00390
200105,0.006800,0.039909835,0.0357711407,0.0041436234,0.00320
200106,-0.019400,0.0609393903,0.0235092888,0.0000581855,0.00280
200107,-0.021300,-0.005213424,0.0685613337,0.0843441931,0.00300
200108,-0.064000,0.0558881405,0.0733967373,0.0702963398,0.00310
200109,-0.092400,-0.050640493,0.0737666621,0.1180282698,0.00280
200110,0.024800,0.0321259897,-0.072398256,-0.044187961,0.00220
200111,0.075300,-0.012216296,-0.03110487,-0.052879199,0.00170
200112,0.016100,0.0466428903,-0.007278145,0.0027669495,0.00150
200201,-0.014400,0.0119244424,0.0607607834,0.074430458,0.00140
200202,-0.023000,0.0143345745,0.0559614415,0.064469195,0.00130
200203,0.042400,0.0404918301,-0.031359261,-0.049955351,0.00130
200204,-0.052100,0.0770994396,0.0431300267,0.0541688369,0.00150
200205,-0.013600,-0.03538119,0.028116704,0.0310432668,0.00140
200206,-0.072300,0.0345457828,0.0335626526,0.0482587475,0.00130
200207,-0.081900,-0.058954192,0.0469023438,0.0304240383,0.00150
200208,0.005000,0.0230383763,0.0050710161,0.0127595264,0.00140
200209,-0.103400,0.0463958024,-0.005731797,0.0582353045,0.00140
200210,0.078400,-0.029986229,0.0054106247,0.0028116233,0.00140
200211,0.059600,-0.002213156,0.0147049585,-0.091951087,0.00120
200212,-0.057600,0.0228798321,-0.002222621,0.0490805553,0.00110
200301,-0.025700,0.0041946409,0.0198395809,0.0119529465,0.00100
200302,-0.018800,0.0009292215,0.0167639773,0.0128191582,0.00090
200303,0.010900,0.0151876096,-0.011850067,0.0248323728,0.00100
200304,0.081800,0.0008252172,0.0005218193,-0.067350462,0.00100
200305,0.060500,0.0204912964,-0.023833856,-0.052964186,0.00090
200306,0.014200,0.0190288935,-0.019227586,0.0128422995,0.00100
200307,0.023300,0.044866957,0.0125122992,-0.016206356,0.00070
200308,0.023300,0.0192728817,-0.021425108,0.0186182889,0.00070
200309,-0.012400,-0.001000411,0.0250527371,-0.022380348,0.00080
200310,0.060800,0.0270452111,0.0003552987,0.0110644802,0.00070
200311,0.013500,0.0184605781,0.0074090476,0.0024510678,0.00070
200312,0.042900,-0.018192413,-0.006064656,-0.051239849,0.00080
200401,0.021500,0.0254291736,0.013948063,-0.014979612,0.00070
200402,0.014000,-0.008876679,-0.011844891,-0.015505427,0.00060
200403,-0.013200,0.0169915951,-0.015236397,0.0070652968,0.00090
200404,-0.018100,-0.027965027,-0.023602793,-0.004212091,0.00080
200405,0.011800,0.01138304,0.0030182222,0.0100959241,0.00060
200406,0.018500,0.0270204016,0.0088791718,0.0170243153,0.00080
200407,-0.040400,-0.03303814,0.0228616601,-0.012287852,0.00100
200408,0.000700,-0.016187265,0.0057327484,-0.046283013,0.00110
200409,0.016000,0.0358879046,-0.026950509,0.0333373971,0.00110
200410,0.014200,0.0051793422,0.0130312253,-0.008838114,0.00110
200411,0.045300,0.0362044036,-0.012260856,5.5346724E-6,0.00150
200412,0.034200,-0.010162636,-0.007783936,-0.01732656,0.00160
200501,-0.027500,-0.008704667,0.0090294757,0.0217688634,0.00160
200502,0.018800,0.0069977569,-0.016404796,0.0376562568,0.00160
200503,-0.019400,-0.012432022,0.0106905171,0.0336386531,0.00210
200504,-0.026100,-0.040832892,-0.006923536,-0.003505709,0.00210
200505,0.036500,0.0261685761,0.0038152792,0.0160765675,0.00240
200506,0.005800,0.0301955609,-0.000893359,-0.017754111,0.00230
200507,0.039200,0.0256693326,-0.011763744,-0.00097883,0.00240
200508,-0.012000,-0.005270956,-0.000069979,0.0084438963,0.00300
200509,0.004800,-0.01420583,-0.005849723,0.0170823462,0.00290
200510,-0.020400,-0.017137232,0.0136126318,-0.018084179,0.00270
200511,0.036100,0.0057693726,-0.008758024,0.0154756835,0.00310
200512,-0.002400,-0.011118366,-0.013205724,-0.009346106,0.00320
200601,0.030300,0.0656171673,-0.040902476,0.0112655559,0.00350
200602,-0.003000,-0.011601614,0.0270308559,-0.015332054,0.00340
200603,0.014700,0.0217474262,-0.02054257,0.0277795214,0.00370
200604,0.007300,-0.020494316,-0.00645527,0.0059079627,0.00360
200605,-0.035600,-0.02630547,0.0245164588,-0.03598548,0.00430
200606,-0.003500,-0.019765556,-0.006820748,0.00956601,0.00400
200607,-0.007700,-0.020245493,0.0317557592,-0.012322186,0.00400
200608,0.020300,0.0099313357,0.0132896397,-0.020237902,0.00420
200609,0.018400,-0.009532751,0.0121875054,0.0015068205,0.00410
200610,0.032200,0.0187971449,-0.012097904,-0.002596375,0.00410
200611,0.017000,0.0038112937,-0.01325451,-0.01085566,0.00420
200612,0.008500,-0.002401145,0.018801033,-0.007877374,0.00400
200701,0.013800,-0.002987099,-0.008519956,0.0009303948,0.00440
200702,-0.019600,0.0068842637,-0.011500361,0.0015326088,0.00380
200703,0.007100,0.0059574508,-0.015017915,0.0454568719,0.00430
200704,0.034900,-0.013975386,-0.004018161,0.0097193408,0.00440
200705,0.032300,0.0056525445,-0.000905396,0.0122440699,0.00410
200706,-0.019600,0.0079509589,-0.01543387,0.0214064695,0.00400
200707,-0.037200,-0.024984911,-0.024387509,0.066324131,0.00400
200708,0.009400,0.002913922,-0.010104421,-0.00338283,0.00420
200709,0.032200,-0.026059151,-0.037765955,0.0349329014,0.00320
200710,0.017900,0.0069212963,-0.007310789,0.0764774111,0.00320
200711,-0.048000,-0.031610833,0.0134236215,0.0653163581,0.00340
200712,-0.008700,0.0096564395,-0.016382995,0.0687239452,0.00270
200801,-0.063300,-0.015577839,0.0453797127,-0.090527792,0.00210
200802,-0.030900,0.0051995641,-0.016981631,0.1028759786,0.00130
200803,-0.009400,0.0094993014,0.0007157845,0.0498872557,0.00170
200804,0.046100,0.0001126648,-0.017524852,0.0194801216,0.00180
200805,0.018700,0.0285741303,-0.052222057,0.0877732686,0.00180
200806,-0.084300,-0.012402597,-0.057670865,0.1541324768,0.00170
200807,-0.007500,0.0298884754,0.0682705606,-0.072518022,0.00150
200808,0.015300,0.0298408724,0.0263835873,-0.00804142,0.00130
200809,-0.093500,0.0020211236,0.0573858381,-0.004175868,0.00150
200810,-0.172000,-0.032987241,0.0445242279,0.0998602762,0.00080
200811,-0.077400,-0.021353323,0.0173632541,0.1171937591,0.00030
200812,0.017700,0.0338615903,0.0064758361,-0.019697313,0.00000
200901,-0.080900,-0.009061468,-0.068948726,0.1016944468,0.00000
200902,-0.101400,-0.005413383,-0.017567153,0.1111627127,0.00010
200903,0.090100,0.0161365072,0.0163400693,-0.058991547,0.00020
200904,0.101700,0.0642493497,-0.013497105,-0.213424088,0.00010
200905,0.052100,-0.013725743,-0.049125874,-0.075066603,0.00000
200906,0.004200,0.0246697012,0.013064579,0.0471184134,0.00010
200907,0.077400,0.0117035797,0.0179575516,-0.083730897,0.00010
200908,0.033300,-0.004819227,0.0022181214,-0.096498393,0.00010
200909,0.040800,0.0113884664,-0.014267041,-0.027349402,0.00010
200910,-0.025300,-0.034504212,0.0169515426,0.0633660686,0.00000
200911,0.056300,-0.038440866,0.00033837,0.0005040632,0.00000
200912,0.028000,0.059097809,-0.007833177,0.0241686305,0.00010
201001,-0.033500,-0.00506694,0.0057250577,-0.076562313,0.00000
201002,0.033900,0.0121055688,0.0113232392,0.0096767914,0.00000
201003,0.063000,0.0150735572,-0.010474579,-0.008593964,0.00010
201004,0.019900,0.0416150311,0.0093641724,-0.035184708,0.00010
201005,-0.079000,0.0095658088,0.0065009021,0.0323965545,0.00010
201006,-0.055600,-0.023794258,-0.01077801,0.0319832061,0.00010
201007,0.069200,-0.005891298,0.0171141496,-0.006561625,0.00010
201008,-0.047800,-0.031314358,-0.020654482,0.0389871354,0.00010
201009,0.095500,0.0428700797,-0.005622941,0.0262838078,0.00010
201010,0.038700,0.0007467652,-0.001025,0.0309242229,0.00010
201011,0.005900,0.0241270721,0.0073897746,0.020109789,0.00010
201012,0.068200,0.0101526167,-0.004772972,-0.082207133,0.00010
201101,0.019800,-0.015834174,-0.00169923,-0.010463503,0.00010
201102,0.034800,0.0264967993,0.0030484946,0.0134443699,0.00010
201103,0.004500,0.0153742884,-0.006528462,0.0303350439,0.00010
201104,0.029000,-0.008177636,0.022625255,0.0390464705,0.00000
201105,-0.012700,-0.00936452,0.0072875694,0.0127874817,0.00000
201106,-0.017400,0.0009384121,0.0045787628,0.0210801138,0.00000
201107,-0.023500,-0.007146176,-0.007913625,0.0259405016,0.00000
201108,-0.059600,-0.030512129,0.0172299191,0.0599771443,0.00010
201109,-0.075800,-0.037584421,0.0369487901,0.0490368465,0.00000
201110,0.113300,0.0452951475,-0.011008789,-0.038232507,0.00000
201111,-0.002700,-0.004523461,0.0190302691,0.0345654532,0.00000
201112,0.007500,0.0074022779,0.0202778713,-0.011813883,0.00000
201201,0.050500,0.0173295179,-0.041752397,-0.063169798,0.00000
201202,0.044200,-0.004174279,-0.020448306,-0.019710746,0.00000
201203,0.031200,0.0016467217,0.0170314389,-0.020492713,0.00000
201204,-0.008500,-0.015163026,0.0116470552,0.0305619057,0.00000
201205,-0.061700,-0.006305153,0.0170014265,0.0490800423,0.00010
201206,0.038900,0.0150762331,0.0222304775,-0.023226896,0.00000
201207,0.007900,-0.025059317,-0.015677582,0.0219663707,0.00000
201208,0.025400,0.0169604483,-0.019592844,-0.024845736,0.00010
201209,0.027300,0.0099526174,0.0116299083,-0.022267966,0.00010
201210,-0.017600,-0.002142307,0.0229399954,-0.030479201,0.00010
201211,0.007800,0.0175953664,0.0020890629,0.0345974477,0.00010
201212,0.011800,0.0133102404,0.003592905,-0.0349953,0.00010
201301,0.055700,0.0057755666,0.034187921,-0.031442276,0.00000
201302,0.012800,0.0001899839,0.0170630209,-0.00484138,0.00000
201303,0.040400,0.0048316323,0.0117067188,-0.021134641,0.00000
201304,0.015600,-0.016119294,0.0081778773,-0.002867641,0.00000
201305,0.028000,0.0140964804,0.0050573583,-0.026166157,0.00000
201306,-0.012000,0.0074706131,0.0169341628,-0.01667083,0.00000
201307,0.056500,0.0260915074,0.0038109696,-0.018786312,0.00000
201308,-0.027100,-0.001832035,-0.030828712,0.0101567345,0.00000
201309,0.037700,0.0269629034,-0.013481917,0.0134723176,0.00000
201310,0.041700,-0.018202682,0.006241039,0.0344644086,0.00000
201311,0.031100,0.0179573042,0.0092316269,-0.013712207,0.00000
201312,0.028100,0.0053589683,-0.003942835,-0.007563956,0.00000
201401,-0.033200,0.0030356559,-0.028275804,-0.014802913,0.00000
201402,0.046600,0.0038581597,-0.002925668,0.0067399277,0.00000
201403,0.004300,-0.006028677,0.0331467777,-0.00092425,0.00000
201404,-0.001800,-0.038209448,0.0036439399,-0.000651549,0.00000
201405,0.020500,-0.013153374,-0.01960809,0.0021073233,0.00000
201406,0.026000,0.0182635561,-0.022930916,-0.022530916,0.00000
201407,-0.020300,-0.033556742,0.0132217107,0.0058445205,0.00000
201408,0.042400,0.0152147997,-0.010754617,-0.006348292,0.00000
201409,-0.019600,-0.023524053,0.0174634349,0.0129582167,0.00000
201410,0.025100,0.0542826663,0.0102365832,0.0008001335,0.00000
201411,0.025600,-0.015822259,0.0240400097,0.0536317409,0.00000
201412,-0.000500,0.0196097664,0.0113741112,-0.000184564,0.00000
201501,-0.031000,-0.026122343,-0.025433233,0.0503901673,0.00000
201502,0.061300,0.0255580665,-0.012116207,-0.030109563,0.00000
201503,-0.011100,0.0214705552,-0.017825811,0.0059778467,0.00000
201504,0.005900,-0.024384377,0.00473049,-0.041610439,0.00000
201505,0.013700,0.0142285645,-0.006361555,0.01057196,0.00000
201506,-0.015200,0.0310353539,-0.008266816,0.0043192811,0.00000
201507,0.015700,-0.03174069,0.0038254955,0.0705636775,0.00000
201508,-0.060200,-0.006686386,0.006870079,0.0124858225,0.00000
201509,-0.030600,-0.022800957,0.0340721996,0.0778222262,0.00000
201510,0.077500,-0.022647897,0.0191111952,-0.00647126,0.00000
201511,0.005700,0.0293758205,-0.00668668,-0.009928055,0.00000
201512,-0.021500,-0.030568941,0.0138834513,0.04697194,0.00010
201601,-0.057400,-0.033056865,0.03104071,0.1087525985,0.00010
201602,-0.000600,0.0001195769,0.0165766957,0.0230059647,0.00020
201603,0.069500,0.0003769648,-0.009813246,-0.049744919,0.00020
201604,0.009200,0.0009604821,0.001670068,-0.107081236,0.00010
201605,0.017800,-0.002452723,-0.016058919,0.0023869248,0.00010
201606,-0.000300,-0.016987148,-0.005881909,0.0463606383,0.00020
201607,0.039400,0.0389343505,-0.001345245,-0.01991163,0.00020
201608,0.004900,0.0265106556,0.0170675237,-0.049423952,0.00020
201609,0.002700,0.0138099293,-0.009311118,-0.024877856,0.00020
201610,-0.020100,-0.015051466,0.0300819935,0.0182163782,0.00020
201611,0.048600,0.0605803923,0.0505397171,-0.079655109,0.00010
201612,0.018100,0.0168958722,0.0040319004,0.00441808,0.00030
